{
	"credit": "Made with Blockbench",
	"texture_size": [64, 64],
	"textures": {
		"1": "blockbench/texture_0"
	},
	"elements": [
		{
			"from": [0, 0, 1],
			"to": [1, 3, 15],
			"faces": {
				"north": {"uv": [10.75, 5, 11, 5.5], "texture": "#1"},
				"east": {"uv": [7, 7.5, 10.5, 8], "texture": "#1"},
				"south": {"uv": [11, 1.5, 11.25, 2], "texture": "#1"},
				"west": {"uv": [0, 8, 3.5, 8.5], "texture": "#1"},
				"up": {"uv": [0.25, 12.25, 0, 8.75], "texture": "#1"},
				"down": {"uv": [0.5, 8.75, 0.25, 12.25], "texture": "#1"}
			}
		},
		{
			"from": [0, 0, 0],
			"to": [16, 3, 1],
			"faces": {
				"north": {"uv": [7, 1.5, 11, 2], "texture": "#1"},
				"east": {"uv": [11, 5, 11.25, 5.5], "texture": "#1"},
				"south": {"uv": [3, 7, 7, 7.5], "texture": "#1"},
				"west": {"uv": [11.25, 5.25, 11.5, 5.75], "texture": "#1"},
				"up": {"uv": [10.75, 6, 6.75, 5.75], "texture": "#1"},
				"down": {"uv": [4, 8.5, 0, 8.75], "texture": "#1"}
			}
		},
		{
			"from": [0, 0, 15],
			"to": [16, 3, 16],
			"faces": {
				"north": {"uv": [7, 7, 11, 7.5], "texture": "#1"},
				"east": {"uv": [11.25, 7, 11.5, 7.5], "texture": "#1"},
				"south": {"uv": [3, 7.5, 7, 8], "texture": "#1"},
				"west": {"uv": [11.25, 7.5, 11.5, 8], "texture": "#1"},
				"up": {"uv": [8, 8.75, 4, 8.5], "texture": "#1"},
				"down": {"uv": [12, 8.5, 8, 8.75], "texture": "#1"}
			}
		},
		{
			"from": [15, 0, 1],
			"to": [16, 3, 15],
			"faces": {
				"north": {"uv": [11.25, 8, 11.5, 8.5], "texture": "#1"},
				"east": {"uv": [3.5, 8, 7, 8.5], "texture": "#1"},
				"south": {"uv": [11.25, 9.25, 11.5, 9.75], "texture": "#1"},
				"west": {"uv": [7, 8, 10.5, 8.5], "texture": "#1"},
				"up": {"uv": [0.75, 12.25, 0.5, 8.75], "texture": "#1"},
				"down": {"uv": [1, 8.75, 0.75, 12.25], "texture": "#1"}
			}
		},
		{
			"from": [1, 2, 1],
			"to": [15, 3, 15],
			"faces": {
				"north": {"uv": [1, 8.75, 4.5, 9], "texture": "#1"},
				"east": {"uv": [4.5, 8.75, 8, 9], "texture": "#1"},
				"south": {"uv": [8, 8.75, 11.5, 9], "texture": "#1"},
				"west": {"uv": [1, 9, 4.5, 9.25], "texture": "#1"},
				"up": {"uv": [3.5, 3.5, 0, 0], "texture": "#1"},
				"down": {"uv": [3.5, 3.5, 0, 7], "texture": "#1"}
			}
		},
		{
			"from": [1, 3, 1],
			"to": [15, 7, 2],
			"faces": {
				"north": {"uv": [3.5, 0, 7, 1], "texture": "#1"},
				"east": {"uv": [7.5, 10, 7.75, 11], "texture": "#1"},
				"south": {"uv": [3.5, 1, 7, 2], "texture": "#1"},
				"west": {"uv": [7.75, 10, 8, 11], "texture": "#1"},
				"up": {"uv": [8, 9.25, 4.5, 9], "texture": "#1"},
				"down": {"uv": [11.5, 9, 8, 9.25], "texture": "#1"}
			}
		},
		{
			"from": [1, 3, 2],
			"to": [2, 7, 15],
			"faces": {
				"north": {"uv": [10, 9.5, 10.25, 10.5], "texture": "#1"},
				"east": {"uv": [3.5, 2, 6.75, 3], "texture": "#1"},
				"south": {"uv": [10.25, 2, 10.5, 3], "texture": "#1"},
				"west": {"uv": [3.5, 3, 6.75, 4], "texture": "#1"},
				"up": {"uv": [1.25, 12.5, 1, 9.25], "texture": "#1"},
				"down": {"uv": [1.5, 9.25, 1.25, 12.5], "texture": "#1"}
			}
		},
		{
			"from": [14, 3, 2],
			"to": [15, 7, 15],
			"faces": {
				"north": {"uv": [10.25, 3, 10.5, 4], "texture": "#1"},
				"east": {"uv": [3.5, 4, 6.75, 5], "texture": "#1"},
				"south": {"uv": [10.25, 4, 10.5, 5], "texture": "#1"},
				"west": {"uv": [3.5, 5, 6.75, 6], "texture": "#1"},
				"up": {"uv": [1.75, 12.5, 1.5, 9.25], "texture": "#1"},
				"down": {"uv": [2, 9.25, 1.75, 12.5], "texture": "#1"}
			}
		},
		{
			"from": [2, 3, 14],
			"to": [14, 7, 15],
			"faces": {
				"north": {"uv": [3.5, 6, 6.5, 7], "texture": "#1"},
				"east": {"uv": [10.25, 9.5, 10.5, 10.5], "texture": "#1"},
				"south": {"uv": [6.5, 6, 9.5, 7], "texture": "#1"},
				"west": {"uv": [10.5, 2, 10.75, 3], "texture": "#1"},
				"up": {"uv": [3, 8, 0, 7.75], "texture": "#1"},
				"down": {"uv": [5, 9.25, 2, 9.5], "texture": "#1"}
			}
		},
		{
			"from": [2, 3, 2],
			"to": [14, 6, 3],
			"faces": {
				"north": {"uv": [6.75, 2, 9.75, 2.75], "texture": "#1"},
				"east": {"uv": [11.25, 2.25, 11.5, 3], "texture": "#1"},
				"south": {"uv": [6.75, 2.75, 9.75, 3.5], "texture": "#1"},
				"west": {"uv": [2.5, 11.25, 2.75, 12], "texture": "#1"},
				"up": {"uv": [8, 9.5, 5, 9.25], "texture": "#1"},
				"down": {"uv": [11, 9.25, 8, 9.5], "texture": "#1"}
			}
		},
		{
			"from": [5, 6, 2],
			"to": [11, 7, 3],
			"faces": {
				"north": {"uv": [9.75, 5.5, 11.25, 5.75], "texture": "#1"},
				"east": {"uv": [0, 13, 0.25, 13.25], "texture": "#1"},
				"south": {"uv": [6.5, 9.75, 8, 10], "texture": "#1"},
				"west": {"uv": [13, 0, 13.25, 0.25], "texture": "#1"},
				"up": {"uv": [11.5, 0.25, 10, 0], "texture": "#1"},
				"down": {"uv": [11.5, 0.25, 10, 0.5], "texture": "#1"}
			}
		},
		{
			"from": [5, 6, 13],
			"to": [11, 7, 14],
			"faces": {
				"north": {"uv": [10, 0.5, 11.5, 0.75], "texture": "#1"},
				"east": {"uv": [0.25, 13, 0.5, 13.25], "texture": "#1"},
				"south": {"uv": [10, 0.75, 11.5, 1], "texture": "#1"},
				"west": {"uv": [13, 0.25, 13.25, 0.5], "texture": "#1"},
				"up": {"uv": [11.5, 1.25, 10, 1], "texture": "#1"},
				"down": {"uv": [11.5, 1.25, 10, 1.5], "texture": "#1"}
			}
		},
		{
			"from": [2, 3, 13],
			"to": [14, 6, 14],
			"faces": {
				"north": {"uv": [6.75, 3.5, 9.75, 4.25], "texture": "#1"},
				"east": {"uv": [2.75, 11.25, 3, 12], "texture": "#1"},
				"south": {"uv": [6.75, 4.25, 9.75, 5], "texture": "#1"},
				"west": {"uv": [3, 11.25, 3.25, 12], "texture": "#1"},
				"up": {"uv": [5, 9.75, 2, 9.5], "texture": "#1"},
				"down": {"uv": [8, 9.5, 5, 9.75], "texture": "#1"}
			}
		},
		{
			"from": [13, 6, 5],
			"to": [14, 7, 11],
			"faces": {
				"north": {"uv": [0.5, 13, 0.75, 13.25], "texture": "#1"},
				"east": {"uv": [10, 6, 11.5, 6.25], "texture": "#1"},
				"south": {"uv": [13, 0.5, 13.25, 0.75], "texture": "#1"},
				"west": {"uv": [10, 6.25, 11.5, 6.5], "texture": "#1"},
				"up": {"uv": [6.75, 11.5, 6.5, 10], "texture": "#1"},
				"down": {"uv": [7, 10, 6.75, 11.5], "texture": "#1"}
			}
		},
		{
			"from": [13, 3, 2],
			"to": [14, 6, 14],
			"faces": {
				"north": {"uv": [11.25, 3, 11.5, 3.75], "texture": "#1"},
				"east": {"uv": [6.75, 5, 9.75, 5.75], "texture": "#1"},
				"south": {"uv": [3.25, 11.25, 3.5, 12], "texture": "#1"},
				"west": {"uv": [0, 7, 3, 7.75], "texture": "#1"},
				"up": {"uv": [8.25, 12.5, 8, 9.5], "texture": "#1"},
				"down": {"uv": [8.5, 9.5, 8.25, 12.5], "texture": "#1"}
			}
		},
		{
			"from": [2, 6, 5],
			"to": [3, 7, 11],
			"faces": {
				"north": {"uv": [0.75, 13, 1, 13.25], "texture": "#1"},
				"east": {"uv": [10, 6.5, 11.5, 6.75], "texture": "#1"},
				"south": {"uv": [13, 0.75, 13.25, 1], "texture": "#1"},
				"west": {"uv": [10, 6.75, 11.5, 7], "texture": "#1"},
				"up": {"uv": [7.25, 11.5, 7, 10], "texture": "#1"},
				"down": {"uv": [7.5, 10, 7.25, 11.5], "texture": "#1"}
			}
		},
		{
			"from": [2, 3, 2],
			"to": [3, 6, 14],
			"faces": {
				"north": {"uv": [11.25, 3.75, 11.5, 4.5], "texture": "#1"},
				"east": {"uv": [7, 0, 10, 0.75], "texture": "#1"},
				"south": {"uv": [11.25, 4.5, 11.5, 5.25], "texture": "#1"},
				"west": {"uv": [7, 0.75, 10, 1.5], "texture": "#1"},
				"up": {"uv": [8.75, 12.5, 8.5, 9.5], "texture": "#1"},
				"down": {"uv": [9, 9.5, 8.75, 12.5], "texture": "#1"}
			}
		},
		{
			"from": [7, 7, 14],
			"to": [9, 9, 16],
			"faces": {
				"north": {"uv": [10.25, 5, 10.75, 5.5], "texture": "#1"},
				"east": {"uv": [10.5, 3, 11, 3.5], "texture": "#1"},
				"south": {"uv": [3.5, 10.5, 4, 11], "texture": "#1"},
				"west": {"uv": [10.5, 3.5, 11, 4], "texture": "#1"},
				"up": {"uv": [4.5, 11, 4, 10.5], "texture": "#1"},
				"down": {"uv": [11, 4, 10.5, 4.5], "texture": "#1"}
			}
		},
		{
			"from": [7, 7, 0],
			"to": [9, 9, 2],
			"faces": {
				"north": {"uv": [4.5, 10.5, 5, 11], "texture": "#1"},
				"east": {"uv": [10.5, 4.5, 11, 5], "texture": "#1"},
				"south": {"uv": [5, 10.5, 5.5, 11], "texture": "#1"},
				"west": {"uv": [5.5, 10.5, 6, 11], "texture": "#1"},
				"up": {"uv": [6.5, 11, 6, 10.5], "texture": "#1"},
				"down": {"uv": [11, 7.5, 10.5, 8], "texture": "#1"}
			}
		},
		{
			"from": [0, 7, 7],
			"to": [2, 9, 9],
			"faces": {
				"north": {"uv": [10.5, 8, 11, 8.5], "texture": "#1"},
				"east": {"uv": [9, 10.5, 9.5, 11], "texture": "#1"},
				"south": {"uv": [9.5, 10.5, 10, 11], "texture": "#1"},
				"west": {"uv": [10.5, 9.5, 11, 10], "texture": "#1"},
				"up": {"uv": [10.5, 11, 10, 10.5], "texture": "#1"},
				"down": {"uv": [11, 10, 10.5, 10.5], "texture": "#1"}
			}
		},
		{
			"from": [14, 7, 7],
			"to": [16, 9, 9],
			"faces": {
				"north": {"uv": [10.5, 10.5, 11, 11], "texture": "#1"},
				"east": {"uv": [2, 10.75, 2.5, 11.25], "texture": "#1"},
				"south": {"uv": [10.75, 2, 11.25, 2.5], "texture": "#1"},
				"west": {"uv": [2.5, 10.75, 3, 11.25], "texture": "#1"},
				"up": {"uv": [11.25, 3, 10.75, 2.5], "texture": "#1"},
				"down": {"uv": [3.5, 10.75, 3, 11.25], "texture": "#1"}
			}
		},
		{
			"from": [6, 9, 1],
			"to": [7, 10, 2],
			"faces": {
				"north": {"uv": [12.25, 1.75, 12.5, 2], "texture": "#1"},
				"east": {"uv": [2.25, 12.25, 2.5, 12.5], "texture": "#1"},
				"south": {"uv": [12.25, 2.5, 12.5, 2.75], "texture": "#1"},
				"west": {"uv": [12.25, 3, 12.5, 3.25], "texture": "#1"},
				"up": {"uv": [12.5, 3.5, 12.25, 3.25], "texture": "#1"},
				"down": {"uv": [4, 12.25, 3.75, 12.5], "texture": "#1"}
			}
		},
		{
			"from": [14, 9, 6],
			"to": [15, 10, 7],
			"faces": {
				"north": {"uv": [12.25, 3.75, 12.5, 4], "texture": "#1"},
				"east": {"uv": [4, 12.25, 4.25, 12.5], "texture": "#1"},
				"south": {"uv": [12.25, 4, 12.5, 4.25], "texture": "#1"},
				"west": {"uv": [4.5, 12.25, 4.75, 12.5], "texture": "#1"},
				"up": {"uv": [5, 12.5, 4.75, 12.25], "texture": "#1"},
				"down": {"uv": [5.25, 12.25, 5, 12.5], "texture": "#1"}
			}
		},
		{
			"from": [14, 9, 9],
			"to": [15, 10, 10],
			"faces": {
				"north": {"uv": [6, 12.25, 6.25, 12.5], "texture": "#1"},
				"east": {"uv": [12.25, 6, 12.5, 6.25], "texture": "#1"},
				"south": {"uv": [6.25, 12.25, 6.5, 12.5], "texture": "#1"},
				"west": {"uv": [12.25, 6.25, 12.5, 6.5], "texture": "#1"},
				"up": {"uv": [6.75, 12.5, 6.5, 12.25], "texture": "#1"},
				"down": {"uv": [7, 12.25, 6.75, 12.5], "texture": "#1"}
			}
		},
		{
			"from": [9, 9, 14],
			"to": [10, 10, 15],
			"faces": {
				"north": {"uv": [7, 12.25, 7.25, 12.5], "texture": "#1"},
				"east": {"uv": [12.25, 7, 12.5, 7.25], "texture": "#1"},
				"south": {"uv": [7.25, 12.25, 7.5, 12.5], "texture": "#1"},
				"west": {"uv": [12.25, 7.25, 12.5, 7.5], "texture": "#1"},
				"up": {"uv": [7.75, 12.5, 7.5, 12.25], "texture": "#1"},
				"down": {"uv": [12.5, 7.5, 12.25, 7.75], "texture": "#1"}
			}
		},
		{
			"from": [6, 9, 14],
			"to": [7, 10, 15],
			"faces": {
				"north": {"uv": [7.75, 12.25, 8, 12.5], "texture": "#1"},
				"east": {"uv": [12.25, 7.75, 12.5, 8], "texture": "#1"},
				"south": {"uv": [12.25, 8.75, 12.5, 9], "texture": "#1"},
				"west": {"uv": [12.25, 9, 12.5, 9.25], "texture": "#1"},
				"up": {"uv": [12.5, 9.5, 12.25, 9.25], "texture": "#1"},
				"down": {"uv": [9.75, 12.25, 9.5, 12.5], "texture": "#1"}
			}
		},
		{
			"from": [1, 9, 9],
			"to": [2, 10, 10],
			"faces": {
				"north": {"uv": [12.25, 9.5, 12.5, 9.75], "texture": "#1"},
				"east": {"uv": [9.75, 12.25, 10, 12.5], "texture": "#1"},
				"south": {"uv": [12.25, 9.75, 12.5, 10], "texture": "#1"},
				"west": {"uv": [12.25, 10, 12.5, 10.25], "texture": "#1"},
				"up": {"uv": [10.5, 12.5, 10.25, 12.25], "texture": "#1"},
				"down": {"uv": [12.5, 10.25, 12.25, 10.5], "texture": "#1"}
			}
		},
		{
			"from": [1, 8, 10],
			"to": [2, 9, 11],
			"faces": {
				"north": {"uv": [12.25, 12.25, 12.5, 12.5], "texture": "#1"},
				"east": {"uv": [0, 12.5, 0.25, 12.75], "texture": "#1"},
				"south": {"uv": [12.5, 0, 12.75, 0.25], "texture": "#1"},
				"west": {"uv": [0.25, 12.5, 0.5, 12.75], "texture": "#1"},
				"up": {"uv": [0.75, 12.75, 0.5, 12.5], "texture": "#1"},
				"down": {"uv": [1, 12.5, 0.75, 12.75], "texture": "#1"}
			}
		},
		{
			"from": [1, 8, 5],
			"to": [2, 9, 6],
			"faces": {
				"north": {"uv": [7.5, 12.5, 7.75, 12.75], "texture": "#1"},
				"east": {"uv": [12.5, 7.5, 12.75, 7.75], "texture": "#1"},
				"south": {"uv": [7.75, 12.5, 8, 12.75], "texture": "#1"},
				"west": {"uv": [12.5, 7.75, 12.75, 8], "texture": "#1"},
				"up": {"uv": [8.25, 12.75, 8, 12.5], "texture": "#1"},
				"down": {"uv": [12.75, 8, 12.5, 8.25], "texture": "#1"}
			}
		},
		{
			"from": [5, 8, 14],
			"to": [6, 9, 15],
			"faces": {
				"north": {"uv": [1, 12.5, 1.25, 12.75], "texture": "#1"},
				"east": {"uv": [1.25, 12.5, 1.5, 12.75], "texture": "#1"},
				"south": {"uv": [12.5, 1.25, 12.75, 1.5], "texture": "#1"},
				"west": {"uv": [1.5, 12.5, 1.75, 12.75], "texture": "#1"},
				"up": {"uv": [12.75, 1.75, 12.5, 1.5], "texture": "#1"},
				"down": {"uv": [2, 12.5, 1.75, 12.75], "texture": "#1"}
			}
		},
		{
			"from": [2, 7, 13],
			"to": [3, 8, 14],
			"faces": {
				"north": {"uv": [12.75, 8.25, 13, 8.5], "texture": "#1"},
				"east": {"uv": [8.5, 12.75, 8.75, 13], "texture": "#1"},
				"south": {"uv": [12.75, 8.5, 13, 8.75], "texture": "#1"},
				"west": {"uv": [8.75, 12.75, 9, 13], "texture": "#1"},
				"up": {"uv": [13, 9, 12.75, 8.75], "texture": "#1"},
				"down": {"uv": [9.25, 12.75, 9, 13], "texture": "#1"}
			}
		},
		{
			"from": [6, 8, 13],
			"to": [7, 9, 14],
			"faces": {
				"north": {"uv": [12.75, 0.25, 13, 0.5], "texture": "#1"},
				"east": {"uv": [0.5, 12.75, 0.75, 13], "texture": "#1"},
				"south": {"uv": [12.75, 0.5, 13, 0.75], "texture": "#1"},
				"west": {"uv": [0.75, 12.75, 1, 13], "texture": "#1"},
				"up": {"uv": [13, 1, 12.75, 0.75], "texture": "#1"},
				"down": {"uv": [1.25, 12.75, 1, 13], "texture": "#1"}
			}
		},
		{
			"from": [9, 8, 13],
			"to": [10, 9, 14],
			"faces": {
				"north": {"uv": [12.75, 1, 13, 1.25], "texture": "#1"},
				"east": {"uv": [1.25, 12.75, 1.5, 13], "texture": "#1"},
				"south": {"uv": [12.75, 1.25, 13, 1.5], "texture": "#1"},
				"west": {"uv": [1.5, 12.75, 1.75, 13], "texture": "#1"},
				"up": {"uv": [13, 1.75, 12.75, 1.5], "texture": "#1"},
				"down": {"uv": [2, 12.75, 1.75, 13], "texture": "#1"}
			}
		},
		{
			"from": [10, 8, 14],
			"to": [11, 9, 15],
			"faces": {
				"north": {"uv": [12.5, 1.75, 12.75, 2], "texture": "#1"},
				"east": {"uv": [12.5, 2, 12.75, 2.25], "texture": "#1"},
				"south": {"uv": [2.25, 12.5, 2.5, 12.75], "texture": "#1"},
				"west": {"uv": [12.5, 2.25, 12.75, 2.5], "texture": "#1"},
				"up": {"uv": [2.75, 12.75, 2.5, 12.5], "texture": "#1"},
				"down": {"uv": [12.75, 2.5, 12.5, 2.75], "texture": "#1"}
			}
		},
		{
			"from": [14, 8, 10],
			"to": [15, 9, 11],
			"faces": {
				"north": {"uv": [2.75, 12.5, 3, 12.75], "texture": "#1"},
				"east": {"uv": [12.5, 2.75, 12.75, 3], "texture": "#1"},
				"south": {"uv": [3, 12.5, 3.25, 12.75], "texture": "#1"},
				"west": {"uv": [12.5, 3, 12.75, 3.25], "texture": "#1"},
				"up": {"uv": [3.5, 12.75, 3.25, 12.5], "texture": "#1"},
				"down": {"uv": [12.75, 3.25, 12.5, 3.5], "texture": "#1"}
			}
		},
		{
			"from": [10, 8, 1],
			"to": [11, 9, 2],
			"faces": {
				"north": {"uv": [4.25, 12.5, 4.5, 12.75], "texture": "#1"},
				"east": {"uv": [12.5, 4.25, 12.75, 4.5], "texture": "#1"},
				"south": {"uv": [4.5, 12.5, 4.75, 12.75], "texture": "#1"},
				"west": {"uv": [12.5, 4.5, 12.75, 4.75], "texture": "#1"},
				"up": {"uv": [5, 12.75, 4.75, 12.5], "texture": "#1"},
				"down": {"uv": [12.75, 4.75, 12.5, 5], "texture": "#1"}
			}
		},
		{
			"from": [5, 8, 1],
			"to": [6, 9, 2],
			"faces": {
				"north": {"uv": [5, 12.5, 5.25, 12.75], "texture": "#1"},
				"east": {"uv": [12.5, 5, 12.75, 5.25], "texture": "#1"},
				"south": {"uv": [5.25, 12.5, 5.5, 12.75], "texture": "#1"},
				"west": {"uv": [12.5, 5.25, 12.75, 5.5], "texture": "#1"},
				"up": {"uv": [5.75, 12.75, 5.5, 12.5], "texture": "#1"},
				"down": {"uv": [12.75, 5.5, 12.5, 5.75], "texture": "#1"}
			}
		},
		{
			"from": [3, 7, 1],
			"to": [5, 8, 2],
			"faces": {
				"north": {"uv": [11.5, 2.75, 12, 3], "texture": "#1"},
				"east": {"uv": [5.75, 12.5, 6, 12.75], "texture": "#1"},
				"south": {"uv": [11.5, 3, 12, 3.25], "texture": "#1"},
				"west": {"uv": [12.5, 5.75, 12.75, 6], "texture": "#1"},
				"up": {"uv": [12, 3.5, 11.5, 3.25], "texture": "#1"},
				"down": {"uv": [12, 3.5, 11.5, 3.75], "texture": "#1"}
			}
		},
		{
			"from": [11, 7, 1],
			"to": [13, 8, 2],
			"faces": {
				"north": {"uv": [11.5, 3.75, 12, 4], "texture": "#1"},
				"east": {"uv": [6, 12.5, 6.25, 12.75], "texture": "#1"},
				"south": {"uv": [11.5, 4, 12, 4.25], "texture": "#1"},
				"west": {"uv": [12.5, 6, 12.75, 6.25], "texture": "#1"},
				"up": {"uv": [12, 4.5, 11.5, 4.25], "texture": "#1"},
				"down": {"uv": [12, 4.5, 11.5, 4.75], "texture": "#1"}
			}
		},
		{
			"from": [13, 7, 1],
			"to": [15, 10, 2],
			"faces": {
				"north": {"uv": [3.5, 9.75, 4, 10.5], "texture": "#1"},
				"east": {"uv": [5, 11, 5.25, 11.75], "texture": "#1"},
				"south": {"uv": [4, 9.75, 4.5, 10.5], "texture": "#1"},
				"west": {"uv": [5.25, 11, 5.5, 11.75], "texture": "#1"},
				"up": {"uv": [12.25, 2.75, 11.75, 2.5], "texture": "#1"},
				"down": {"uv": [5.75, 11.75, 5.25, 12], "texture": "#1"}
			}
		},
		{
			"from": [14, 7, 2],
			"to": [15, 10, 3],
			"faces": {
				"north": {"uv": [5.5, 11, 5.75, 11.75], "texture": "#1"},
				"east": {"uv": [5.75, 11, 6, 11.75], "texture": "#1"},
				"south": {"uv": [6, 11, 6.25, 11.75], "texture": "#1"},
				"west": {"uv": [6.25, 11, 6.5, 11.75], "texture": "#1"},
				"up": {"uv": [8.75, 12.75, 8.5, 12.5], "texture": "#1"},
				"down": {"uv": [12.75, 8.5, 12.5, 8.75], "texture": "#1"}
			}
		},
		{
			"from": [11, 7, 14],
			"to": [13, 8, 15],
			"faces": {
				"north": {"uv": [11.5, 4.75, 12, 5], "texture": "#1"},
				"east": {"uv": [6.25, 12.5, 6.5, 12.75], "texture": "#1"},
				"south": {"uv": [11.5, 5, 12, 5.25], "texture": "#1"},
				"west": {"uv": [12.5, 6.25, 12.75, 6.5], "texture": "#1"},
				"up": {"uv": [12, 5.5, 11.5, 5.25], "texture": "#1"},
				"down": {"uv": [12, 5.5, 11.5, 5.75], "texture": "#1"}
			}
		},
		{
			"from": [9, 7, 13],
			"to": [11, 8, 14],
			"faces": {
				"north": {"uv": [11.75, 7.25, 12.25, 7.5], "texture": "#1"},
				"east": {"uv": [12.5, 12.5, 12.75, 12.75], "texture": "#1"},
				"south": {"uv": [11.75, 7.5, 12.25, 7.75], "texture": "#1"},
				"west": {"uv": [0, 12.75, 0.25, 13], "texture": "#1"},
				"up": {"uv": [12.25, 8, 11.75, 7.75], "texture": "#1"},
				"down": {"uv": [12.25, 8.75, 11.75, 9], "texture": "#1"}
			}
		},
		{
			"from": [5, 7, 13],
			"to": [7, 8, 14],
			"faces": {
				"north": {"uv": [9, 11.75, 9.5, 12], "texture": "#1"},
				"east": {"uv": [12.75, 0, 13, 0.25], "texture": "#1"},
				"south": {"uv": [11.75, 9, 12.25, 9.25], "texture": "#1"},
				"west": {"uv": [0.25, 12.75, 0.5, 13], "texture": "#1"},
				"up": {"uv": [12.25, 9.5, 11.75, 9.25], "texture": "#1"},
				"down": {"uv": [10, 11.75, 9.5, 12], "texture": "#1"}
			}
		},
		{
			"from": [3, 6, 13],
			"to": [5, 7, 14],
			"faces": {
				"north": {"uv": [12, 4.25, 12.5, 4.5], "texture": "#1"},
				"east": {"uv": [12.75, 7.75, 13, 8], "texture": "#1"},
				"south": {"uv": [4.5, 12, 5, 12.25], "texture": "#1"},
				"west": {"uv": [8, 12.75, 8.25, 13], "texture": "#1"},
				"up": {"uv": [12.5, 4.75, 12, 4.5], "texture": "#1"},
				"down": {"uv": [12.5, 4.75, 12, 5], "texture": "#1"}
			}
		},
		{
			"from": [3, 7, 14],
			"to": [5, 8, 15],
			"faces": {
				"north": {"uv": [11.5, 6, 12, 6.25], "texture": "#1"},
				"east": {"uv": [6.5, 12.5, 6.75, 12.75], "texture": "#1"},
				"south": {"uv": [11.5, 6.25, 12, 6.5], "texture": "#1"},
				"west": {"uv": [12.5, 6.5, 12.75, 6.75], "texture": "#1"},
				"up": {"uv": [7, 11.75, 6.5, 11.5], "texture": "#1"},
				"down": {"uv": [12, 6.5, 11.5, 6.75], "texture": "#1"}
			}
		},
		{
			"from": [14, 7, 3],
			"to": [15, 8, 5],
			"faces": {
				"north": {"uv": [6.75, 12.5, 7, 12.75], "texture": "#1"},
				"east": {"uv": [11.5, 6.75, 12, 7], "texture": "#1"},
				"south": {"uv": [12.5, 6.75, 12.75, 7], "texture": "#1"},
				"west": {"uv": [7, 11.5, 7.5, 11.75], "texture": "#1"},
				"up": {"uv": [11.75, 7.5, 11.5, 7], "texture": "#1"},
				"down": {"uv": [11.75, 7.5, 11.5, 8], "texture": "#1"}
			}
		},
		{
			"from": [14, 7, 11],
			"to": [15, 8, 13],
			"faces": {
				"north": {"uv": [7, 12.5, 7.25, 12.75], "texture": "#1"},
				"east": {"uv": [11.5, 8, 12, 8.25], "texture": "#1"},
				"south": {"uv": [12.5, 7, 12.75, 7.25], "texture": "#1"},
				"west": {"uv": [11.5, 8.25, 12, 8.5], "texture": "#1"},
				"up": {"uv": [11.75, 9.25, 11.5, 8.75], "texture": "#1"},
				"down": {"uv": [11.75, 9.25, 11.5, 9.75], "texture": "#1"}
			}
		},
		{
			"from": [1, 7, 11],
			"to": [2, 8, 13],
			"faces": {
				"north": {"uv": [7.25, 12.5, 7.5, 12.75], "texture": "#1"},
				"east": {"uv": [11.5, 9.75, 12, 10], "texture": "#1"},
				"south": {"uv": [12.5, 7.25, 12.75, 7.5], "texture": "#1"},
				"west": {"uv": [11.5, 10, 12, 10.25], "texture": "#1"},
				"up": {"uv": [11.75, 10.75, 11.5, 10.25], "texture": "#1"},
				"down": {"uv": [11.25, 11.5, 11, 12], "texture": "#1"}
			}
		},
		{
			"from": [1, 7, 3],
			"to": [2, 8, 5],
			"faces": {
				"north": {"uv": [8.25, 12.5, 8.5, 12.75], "texture": "#1"},
				"east": {"uv": [11.25, 11.5, 11.75, 11.75], "texture": "#1"},
				"south": {"uv": [12.5, 8.25, 12.75, 8.5], "texture": "#1"},
				"west": {"uv": [11.75, 1.75, 12.25, 2], "texture": "#1"},
				"up": {"uv": [12, 2.5, 11.75, 2], "texture": "#1"},
				"down": {"uv": [5.25, 11.75, 5, 12.25], "texture": "#1"}
			}
		},
		{
			"from": [14, 8, 5],
			"to": [15, 9, 6],
			"faces": {
				"north": {"uv": [3.5, 12.5, 3.75, 12.75], "texture": "#1"},
				"east": {"uv": [12.5, 3.5, 12.75, 3.75], "texture": "#1"},
				"south": {"uv": [3.75, 12.5, 4, 12.75], "texture": "#1"},
				"west": {"uv": [12.5, 3.75, 12.75, 4], "texture": "#1"},
				"up": {"uv": [4.25, 12.75, 4, 12.5], "texture": "#1"},
				"down": {"uv": [12.75, 4, 12.5, 4.25], "texture": "#1"}
			}
		},
		{
			"from": [1, 9, 6],
			"to": [2, 10, 7],
			"faces": {
				"north": {"uv": [10.5, 12.25, 10.75, 12.5], "texture": "#1"},
				"east": {"uv": [12.25, 10.5, 12.5, 10.75], "texture": "#1"},
				"south": {"uv": [10.75, 12.25, 11, 12.5], "texture": "#1"},
				"west": {"uv": [12.25, 10.75, 12.5, 11], "texture": "#1"},
				"up": {"uv": [11.25, 12.5, 11, 12.25], "texture": "#1"},
				"down": {"uv": [12.5, 11, 12.25, 11.25], "texture": "#1"}
			}
		},
		{
			"from": [1, 10, 7],
			"to": [2, 11, 9],
			"faces": {
				"north": {"uv": [11.25, 12.25, 11.5, 12.5], "texture": "#1"},
				"east": {"uv": [10.75, 5.75, 11.25, 6], "texture": "#1"},
				"south": {"uv": [12.25, 11.25, 12.5, 11.5], "texture": "#1"},
				"west": {"uv": [11.25, 5.75, 11.75, 6], "texture": "#1"},
				"up": {"uv": [11.5, 10.25, 11.25, 9.75], "texture": "#1"},
				"down": {"uv": [11.5, 10.25, 11.25, 10.75], "texture": "#1"}
			}
		},
		{
			"from": [2, 6, 11],
			"to": [3, 7, 13],
			"faces": {
				"north": {"uv": [12.75, 8, 13, 8.25], "texture": "#1"},
				"east": {"uv": [12, 5, 12.5, 5.25], "texture": "#1"},
				"south": {"uv": [8.25, 12.75, 8.5, 13], "texture": "#1"},
				"west": {"uv": [5.25, 12, 5.75, 12.25], "texture": "#1"},
				"up": {"uv": [12.25, 5.75, 12, 5.25], "texture": "#1"},
				"down": {"uv": [12.25, 6, 12, 6.5], "texture": "#1"}
			}
		},
		{
			"from": [13, 7, 13],
			"to": [14, 8, 14],
			"faces": {
				"north": {"uv": [12.75, 9.5, 13, 9.75], "texture": "#1"},
				"east": {"uv": [9.75, 12.75, 10, 13], "texture": "#1"},
				"south": {"uv": [12.75, 9.75, 13, 10], "texture": "#1"},
				"west": {"uv": [10, 12.75, 10.25, 13], "texture": "#1"},
				"up": {"uv": [13, 10.25, 12.75, 10], "texture": "#1"},
				"down": {"uv": [10.5, 12.75, 10.25, 13], "texture": "#1"}
			}
		},
		{
			"from": [13, 6, 11],
			"to": [14, 7, 13],
			"faces": {
				"north": {"uv": [12.75, 9.25, 13, 9.5], "texture": "#1"},
				"east": {"uv": [12, 8, 12.5, 8.25], "texture": "#1"},
				"south": {"uv": [9.5, 12.75, 9.75, 13], "texture": "#1"},
				"west": {"uv": [12, 8.25, 12.5, 8.5], "texture": "#1"},
				"up": {"uv": [9.25, 12.5, 9, 12], "texture": "#1"},
				"down": {"uv": [9.5, 12, 9.25, 12.5], "texture": "#1"}
			}
		},
		{
			"from": [11, 6, 13],
			"to": [13, 7, 14],
			"faces": {
				"north": {"uv": [6.25, 12, 6.75, 12.25], "texture": "#1"},
				"east": {"uv": [12.75, 9, 13, 9.25], "texture": "#1"},
				"south": {"uv": [12, 6.5, 12.5, 6.75], "texture": "#1"},
				"west": {"uv": [9.25, 12.75, 9.5, 13], "texture": "#1"},
				"up": {"uv": [12.5, 7, 12, 6.75], "texture": "#1"},
				"down": {"uv": [7.75, 12, 7.25, 12.25], "texture": "#1"}
			}
		},
		{
			"from": [13, 7, 2],
			"to": [14, 8, 3],
			"faces": {
				"north": {"uv": [12.75, 10.75, 13, 11], "texture": "#1"},
				"east": {"uv": [11, 12.75, 11.25, 13], "texture": "#1"},
				"south": {"uv": [12.75, 11, 13, 11.25], "texture": "#1"},
				"west": {"uv": [11.25, 12.75, 11.5, 13], "texture": "#1"},
				"up": {"uv": [13, 11.5, 12.75, 11.25], "texture": "#1"},
				"down": {"uv": [11.75, 12.75, 11.5, 13], "texture": "#1"}
			}
		},
		{
			"from": [11, 6, 2],
			"to": [13, 7, 3],
			"faces": {
				"north": {"uv": [10.25, 12, 10.75, 12.25], "texture": "#1"},
				"east": {"uv": [12.75, 10.5, 13, 10.75], "texture": "#1"},
				"south": {"uv": [10.75, 12, 11.25, 12.25], "texture": "#1"},
				"west": {"uv": [10.75, 12.75, 11, 13], "texture": "#1"},
				"up": {"uv": [11.75, 12.25, 11.25, 12], "texture": "#1"},
				"down": {"uv": [12.25, 12, 11.75, 12.25], "texture": "#1"}
			}
		},
		{
			"from": [13, 6, 3],
			"to": [14, 7, 5],
			"faces": {
				"north": {"uv": [12.75, 10.25, 13, 10.5], "texture": "#1"},
				"east": {"uv": [12, 8.5, 12.5, 8.75], "texture": "#1"},
				"south": {"uv": [10.5, 12.75, 10.75, 13], "texture": "#1"},
				"west": {"uv": [9.5, 12, 10, 12.25], "texture": "#1"},
				"up": {"uv": [12.25, 10.25, 12, 9.75], "texture": "#1"},
				"down": {"uv": [10.25, 12, 10, 12.5], "texture": "#1"}
			}
		},
		{
			"from": [2, 7, 2],
			"to": [3, 8, 3],
			"faces": {
				"north": {"uv": [12.75, 12, 13, 12.25], "texture": "#1"},
				"east": {"uv": [12.25, 12.75, 12.5, 13], "texture": "#1"},
				"south": {"uv": [12.75, 12.25, 13, 12.5], "texture": "#1"},
				"west": {"uv": [12.5, 12.75, 12.75, 13], "texture": "#1"},
				"up": {"uv": [13, 12.75, 12.75, 12.5], "texture": "#1"},
				"down": {"uv": [13, 12.75, 12.75, 13], "texture": "#1"}
			}
		},
		{
			"from": [2, 6, 3],
			"to": [3, 7, 5],
			"faces": {
				"north": {"uv": [12.75, 11.75, 13, 12], "texture": "#1"},
				"east": {"uv": [12.25, 0.75, 12.75, 1], "texture": "#1"},
				"south": {"uv": [12, 12.75, 12.25, 13], "texture": "#1"},
				"west": {"uv": [12.25, 1, 12.75, 1.25], "texture": "#1"},
				"up": {"uv": [12.5, 1.75, 12.25, 1.25], "texture": "#1"},
				"down": {"uv": [2.25, 12.25, 2, 12.75], "texture": "#1"}
			}
		},
		{
			"from": [3, 6, 2],
			"to": [5, 7, 3],
			"faces": {
				"north": {"uv": [0, 12.25, 0.5, 12.5], "texture": "#1"},
				"east": {"uv": [12.75, 11.5, 13, 11.75], "texture": "#1"},
				"south": {"uv": [12.25, 0.25, 12.75, 0.5], "texture": "#1"},
				"west": {"uv": [11.75, 12.75, 12, 13], "texture": "#1"},
				"up": {"uv": [1, 12.5, 0.5, 12.25], "texture": "#1"},
				"down": {"uv": [12.75, 0.5, 12.25, 0.75], "texture": "#1"}
			}
		},
		{
			"from": [14, 10, 7],
			"to": [15, 11, 9],
			"faces": {
				"north": {"uv": [12, 12.25, 12.25, 12.5], "texture": "#1"},
				"east": {"uv": [11.5, 1.25, 12, 1.5], "texture": "#1"},
				"south": {"uv": [12.25, 12, 12.5, 12.25], "texture": "#1"},
				"west": {"uv": [11.5, 1.5, 12, 1.75], "texture": "#1"},
				"up": {"uv": [11.75, 2.25, 11.5, 1.75], "texture": "#1"},
				"down": {"uv": [11.75, 2.25, 11.5, 2.75], "texture": "#1"}
			}
		},
		{
			"from": [7, 10, 14],
			"to": [9, 11, 15],
			"faces": {
				"north": {"uv": [11.25, 10.75, 11.75, 11], "texture": "#1"},
				"east": {"uv": [11.5, 12.25, 11.75, 12.5], "texture": "#1"},
				"south": {"uv": [11.25, 11, 11.75, 11.25], "texture": "#1"},
				"west": {"uv": [12.25, 11.5, 12.5, 11.75], "texture": "#1"},
				"up": {"uv": [11.75, 11.5, 11.25, 11.25], "texture": "#1"},
				"down": {"uv": [12, 0, 11.5, 0.25], "texture": "#1"}
			}
		},
		{
			"from": [7, 10, 1],
			"to": [9, 11, 2],
			"faces": {
				"north": {"uv": [11.5, 0.25, 12, 0.5], "texture": "#1"},
				"east": {"uv": [11.75, 12.25, 12, 12.5], "texture": "#1"},
				"south": {"uv": [11.5, 0.5, 12, 0.75], "texture": "#1"},
				"west": {"uv": [12.25, 11.75, 12.5, 12], "texture": "#1"},
				"up": {"uv": [12, 1, 11.5, 0.75], "texture": "#1"},
				"down": {"uv": [12, 1, 11.5, 1.25], "texture": "#1"}
			}
		},
		{
			"from": [7, 7, 13],
			"to": [9, 11, 14],
			"faces": {
				"north": {"uv": [9.5, 6, 10, 7], "texture": "#1"},
				"east": {"uv": [11, 3, 11.25, 4], "texture": "#1"},
				"south": {"uv": [9, 9.5, 9.5, 10.5], "texture": "#1"},
				"west": {"uv": [3.5, 11, 3.75, 12], "texture": "#1"},
				"up": {"uv": [12.25, 7.25, 11.75, 7], "texture": "#1"},
				"down": {"uv": [7.75, 11.75, 7.25, 12], "texture": "#1"}
			}
		},
		{
			"from": [9, 8, 2],
			"to": [10, 9, 3],
			"faces": {
				"north": {"uv": [12.75, 3, 13, 3.25], "texture": "#1"},
				"east": {"uv": [3.25, 12.75, 3.5, 13], "texture": "#1"},
				"south": {"uv": [12.75, 3.25, 13, 3.5], "texture": "#1"},
				"west": {"uv": [3.5, 12.75, 3.75, 13], "texture": "#1"},
				"up": {"uv": [13, 3.75, 12.75, 3.5], "texture": "#1"},
				"down": {"uv": [4, 12.75, 3.75, 13], "texture": "#1"}
			}
		},
		{
			"from": [9, 7, 2],
			"to": [11, 8, 3],
			"faces": {
				"north": {"uv": [11.75, 11, 12.25, 11.25], "texture": "#1"},
				"east": {"uv": [12.75, 2.75, 13, 3], "texture": "#1"},
				"south": {"uv": [11.25, 11.75, 11.75, 12], "texture": "#1"},
				"west": {"uv": [3, 12.75, 3.25, 13], "texture": "#1"},
				"up": {"uv": [12.25, 11.5, 11.75, 11.25], "texture": "#1"},
				"down": {"uv": [12.25, 11.5, 11.75, 11.75], "texture": "#1"}
			}
		},
		{
			"from": [7, 7, 2],
			"to": [9, 11, 3],
			"faces": {
				"north": {"uv": [9.5, 9.5, 10, 10.5], "texture": "#1"},
				"east": {"uv": [3.75, 11, 4, 12], "texture": "#1"},
				"south": {"uv": [2, 9.75, 2.5, 10.75], "texture": "#1"},
				"west": {"uv": [4, 11, 4.25, 12], "texture": "#1"},
				"up": {"uv": [12.25, 10.75, 11.75, 10.5], "texture": "#1"},
				"down": {"uv": [12.25, 10.75, 11.75, 11], "texture": "#1"}
			}
		},
		{
			"from": [5, 7, 2],
			"to": [7, 8, 3],
			"faces": {
				"north": {"uv": [11.75, 9.5, 12.25, 9.75], "texture": "#1"},
				"east": {"uv": [12.75, 2.5, 13, 2.75], "texture": "#1"},
				"south": {"uv": [10, 11.75, 10.5, 12], "texture": "#1"},
				"west": {"uv": [2.75, 12.75, 3, 13], "texture": "#1"},
				"up": {"uv": [12.25, 10.5, 11.75, 10.25], "texture": "#1"},
				"down": {"uv": [11, 11.75, 10.5, 12], "texture": "#1"}
			}
		},
		{
			"from": [6, 8, 2],
			"to": [7, 9, 3],
			"faces": {
				"north": {"uv": [12.75, 1.75, 13, 2], "texture": "#1"},
				"east": {"uv": [2, 12.75, 2.25, 13], "texture": "#1"},
				"south": {"uv": [12.75, 2, 13, 2.25], "texture": "#1"},
				"west": {"uv": [2.25, 12.75, 2.5, 13], "texture": "#1"},
				"up": {"uv": [13, 2.5, 12.75, 2.25], "texture": "#1"},
				"down": {"uv": [2.75, 12.75, 2.5, 13], "texture": "#1"}
			}
		},
		{
			"from": [2, 8, 6],
			"to": [3, 9, 7],
			"faces": {
				"north": {"uv": [12.75, 5, 13, 5.25], "texture": "#1"},
				"east": {"uv": [5.25, 12.75, 5.5, 13], "texture": "#1"},
				"south": {"uv": [12.75, 5.25, 13, 5.5], "texture": "#1"},
				"west": {"uv": [5.5, 12.75, 5.75, 13], "texture": "#1"},
				"up": {"uv": [13, 5.75, 12.75, 5.5], "texture": "#1"},
				"down": {"uv": [6, 12.75, 5.75, 13], "texture": "#1"}
			}
		},
		{
			"from": [2, 7, 5],
			"to": [3, 8, 7],
			"faces": {
				"north": {"uv": [12.75, 4.75, 13, 5], "texture": "#1"},
				"east": {"uv": [2, 12, 2.5, 12.25], "texture": "#1"},
				"south": {"uv": [5, 12.75, 5.25, 13], "texture": "#1"},
				"west": {"uv": [12, 2, 12.5, 2.25], "texture": "#1"},
				"up": {"uv": [2.75, 12.5, 2.5, 12], "texture": "#1"},
				"down": {"uv": [3, 12, 2.75, 12.5], "texture": "#1"}
			}
		},
		{
			"from": [2, 7, 7],
			"to": [3, 11, 9],
			"faces": {
				"north": {"uv": [11, 4, 11.25, 5], "texture": "#1"},
				"east": {"uv": [9.75, 2, 10.25, 3], "texture": "#1"},
				"south": {"uv": [4.25, 11, 4.5, 12], "texture": "#1"},
				"west": {"uv": [2.5, 9.75, 3, 10.75], "texture": "#1"},
				"up": {"uv": [12.25, 1.25, 12, 0.75], "texture": "#1"},
				"down": {"uv": [12.25, 1.25, 12, 1.75], "texture": "#1"}
			}
		},
		{
			"from": [2, 7, 9],
			"to": [3, 8, 11],
			"faces": {
				"north": {"uv": [12.75, 4.5, 13, 4.75], "texture": "#1"},
				"east": {"uv": [11.75, 11.75, 12.25, 12], "texture": "#1"},
				"south": {"uv": [4.75, 12.75, 5, 13], "texture": "#1"},
				"west": {"uv": [12, 0, 12.5, 0.25], "texture": "#1"},
				"up": {"uv": [8, 12.25, 7.75, 11.75], "texture": "#1"},
				"down": {"uv": [12.25, 0.25, 12, 0.75], "texture": "#1"}
			}
		},
		{
			"from": [2, 8, 9],
			"to": [3, 9, 10],
			"faces": {
				"north": {"uv": [12.75, 3.75, 13, 4], "texture": "#1"},
				"east": {"uv": [4, 12.75, 4.25, 13], "texture": "#1"},
				"south": {"uv": [12.75, 4, 13, 4.25], "texture": "#1"},
				"west": {"uv": [4.25, 12.75, 4.5, 13], "texture": "#1"},
				"up": {"uv": [13, 4.5, 12.75, 4.25], "texture": "#1"},
				"down": {"uv": [4.75, 12.75, 4.5, 13], "texture": "#1"}
			}
		},
		{
			"from": [13, 8, 6],
			"to": [14, 9, 7],
			"faces": {
				"north": {"uv": [12.75, 7, 13, 7.25], "texture": "#1"},
				"east": {"uv": [7.25, 12.75, 7.5, 13], "texture": "#1"},
				"south": {"uv": [12.75, 7.25, 13, 7.5], "texture": "#1"},
				"west": {"uv": [7.5, 12.75, 7.75, 13], "texture": "#1"},
				"up": {"uv": [13, 7.75, 12.75, 7.5], "texture": "#1"},
				"down": {"uv": [8, 12.75, 7.75, 13], "texture": "#1"}
			}
		},
		{
			"from": [13, 7, 5],
			"to": [14, 8, 7],
			"faces": {
				"north": {"uv": [12.75, 6.75, 13, 7], "texture": "#1"},
				"east": {"uv": [12, 3.5, 12.5, 3.75], "texture": "#1"},
				"south": {"uv": [7, 12.75, 7.25, 13], "texture": "#1"},
				"west": {"uv": [3.75, 12, 4.25, 12.25], "texture": "#1"},
				"up": {"uv": [12.25, 4.25, 12, 3.75], "texture": "#1"},
				"down": {"uv": [4.5, 12, 4.25, 12.5], "texture": "#1"}
			}
		},
		{
			"from": [13, 7, 7],
			"to": [14, 11, 9],
			"faces": {
				"north": {"uv": [4.5, 11, 4.75, 12], "texture": "#1"},
				"east": {"uv": [3, 9.75, 3.5, 10.75], "texture": "#1"},
				"south": {"uv": [4.75, 11, 5, 12], "texture": "#1"},
				"west": {"uv": [9.75, 3, 10.25, 4], "texture": "#1"},
				"up": {"uv": [3.5, 12.5, 3.25, 12], "texture": "#1"},
				"down": {"uv": [3.75, 12, 3.5, 12.5], "texture": "#1"}
			}
		},
		{
			"from": [13, 7, 9],
			"to": [14, 8, 11],
			"faces": {
				"north": {"uv": [12.75, 6.5, 13, 6.75], "texture": "#1"},
				"east": {"uv": [12, 2.25, 12.5, 2.5], "texture": "#1"},
				"south": {"uv": [6.75, 12.75, 7, 13], "texture": "#1"},
				"west": {"uv": [12, 2.75, 12.5, 3], "texture": "#1"},
				"up": {"uv": [3.25, 12.5, 3, 12], "texture": "#1"},
				"down": {"uv": [12.25, 3, 12, 3.5], "texture": "#1"}
			}
		},
		{
			"from": [13, 8, 9],
			"to": [14, 9, 10],
			"faces": {
				"north": {"uv": [12.75, 5.75, 13, 6], "texture": "#1"},
				"east": {"uv": [6, 12.75, 6.25, 13], "texture": "#1"},
				"south": {"uv": [12.75, 6, 13, 6.25], "texture": "#1"},
				"west": {"uv": [6.25, 12.75, 6.5, 13], "texture": "#1"},
				"up": {"uv": [13, 6.5, 12.75, 6.25], "texture": "#1"},
				"down": {"uv": [6.75, 12.75, 6.5, 13], "texture": "#1"}
			}
		},
		{
			"from": [9, 9, 1],
			"to": [10, 10, 2],
			"faces": {
				"north": {"uv": [5.25, 12.25, 5.5, 12.5], "texture": "#1"},
				"east": {"uv": [12.25, 5.25, 12.5, 5.5], "texture": "#1"},
				"south": {"uv": [5.5, 12.25, 5.75, 12.5], "texture": "#1"},
				"west": {"uv": [12.25, 5.5, 12.5, 5.75], "texture": "#1"},
				"up": {"uv": [6, 12.5, 5.75, 12.25], "texture": "#1"},
				"down": {"uv": [12.5, 5.75, 12.25, 6], "texture": "#1"}
			}
		},
		{
			"from": [14, 10, 1],
			"to": [15, 11, 2],
			"faces": {
				"north": {"uv": [8.75, 12.5, 9, 12.75], "texture": "#1"},
				"east": {"uv": [12.5, 8.75, 12.75, 9], "texture": "#1"},
				"south": {"uv": [9, 12.5, 9.25, 12.75], "texture": "#1"},
				"west": {"uv": [12.5, 9, 12.75, 9.25], "texture": "#1"},
				"up": {"uv": [9.5, 12.75, 9.25, 12.5], "texture": "#1"},
				"down": {"uv": [12.75, 9.25, 12.5, 9.5], "texture": "#1"}
			}
		},
		{
			"from": [14, 7, 13],
			"to": [15, 10, 15],
			"faces": {
				"north": {"uv": [9, 11, 9.25, 11.75], "texture": "#1"},
				"east": {"uv": [9.75, 4, 10.25, 4.75], "texture": "#1"},
				"south": {"uv": [9.25, 11, 9.5, 11.75], "texture": "#1"},
				"west": {"uv": [4.5, 9.75, 5, 10.5], "texture": "#1"},
				"up": {"uv": [6, 12.25, 5.75, 11.75], "texture": "#1"},
				"down": {"uv": [6.25, 11.75, 6, 12.25], "texture": "#1"}
			}
		},
		{
			"from": [13, 7, 14],
			"to": [14, 10, 15],
			"faces": {
				"north": {"uv": [11, 7, 11.25, 7.75], "texture": "#1"},
				"east": {"uv": [7.5, 11, 7.75, 11.75], "texture": "#1"},
				"south": {"uv": [7.75, 11, 8, 11.75], "texture": "#1"},
				"west": {"uv": [11, 7.75, 11.25, 8.5], "texture": "#1"},
				"up": {"uv": [10.5, 12.75, 10.25, 12.5], "texture": "#1"},
				"down": {"uv": [12.75, 10.25, 12.5, 10.5], "texture": "#1"}
			}
		},
		{
			"from": [14, 10, 14],
			"to": [15, 11, 15],
			"faces": {
				"north": {"uv": [9.5, 12.5, 9.75, 12.75], "texture": "#1"},
				"east": {"uv": [12.5, 9.5, 12.75, 9.75], "texture": "#1"},
				"south": {"uv": [9.75, 12.5, 10, 12.75], "texture": "#1"},
				"west": {"uv": [12.5, 9.75, 12.75, 10], "texture": "#1"},
				"up": {"uv": [10.25, 12.75, 10, 12.5], "texture": "#1"},
				"down": {"uv": [12.75, 10, 12.5, 10.25], "texture": "#1"}
			}
		},
		{
			"from": [1, 7, 14],
			"to": [3, 10, 15],
			"faces": {
				"north": {"uv": [9.75, 4.75, 10.25, 5.5], "texture": "#1"},
				"east": {"uv": [11, 10, 11.25, 10.75], "texture": "#1"},
				"south": {"uv": [5, 9.75, 5.5, 10.5], "texture": "#1"},
				"west": {"uv": [10.25, 11, 10.5, 11.75], "texture": "#1"},
				"up": {"uv": [12.25, 6, 11.75, 5.75], "texture": "#1"},
				"down": {"uv": [6.75, 11.75, 6.25, 12], "texture": "#1"}
			}
		},
		{
			"from": [1, 7, 13],
			"to": [2, 10, 14],
			"faces": {
				"north": {"uv": [11, 9.25, 11.25, 10], "texture": "#1"},
				"east": {"uv": [9.5, 11, 9.75, 11.75], "texture": "#1"},
				"south": {"uv": [9.75, 11, 10, 11.75], "texture": "#1"},
				"west": {"uv": [10, 11, 10.25, 11.75], "texture": "#1"},
				"up": {"uv": [11.5, 12.75, 11.25, 12.5], "texture": "#1"},
				"down": {"uv": [12.75, 11.25, 12.5, 11.5], "texture": "#1"}
			}
		},
		{
			"from": [1, 10, 14],
			"to": [2, 11, 15],
			"faces": {
				"north": {"uv": [10.5, 12.5, 10.75, 12.75], "texture": "#1"},
				"east": {"uv": [12.5, 10.5, 12.75, 10.75], "texture": "#1"},
				"south": {"uv": [10.75, 12.5, 11, 12.75], "texture": "#1"},
				"west": {"uv": [12.5, 10.75, 12.75, 11], "texture": "#1"},
				"up": {"uv": [11.25, 12.75, 11, 12.5], "texture": "#1"},
				"down": {"uv": [12.75, 11, 12.5, 11.25], "texture": "#1"}
			}
		},
		{
			"from": [1, 7, 1],
			"to": [2, 10, 3],
			"faces": {
				"north": {"uv": [2, 11.25, 2.25, 12], "texture": "#1"},
				"east": {"uv": [5.5, 9.75, 6, 10.5], "texture": "#1"},
				"south": {"uv": [2.25, 11.25, 2.5, 12], "texture": "#1"},
				"west": {"uv": [6, 9.75, 6.5, 10.5], "texture": "#1"},
				"up": {"uv": [7, 12.25, 6.75, 11.75], "texture": "#1"},
				"down": {"uv": [7.25, 11.75, 7, 12.25], "texture": "#1"}
			}
		},
		{
			"from": [2, 7, 1],
			"to": [3, 10, 2],
			"faces": {
				"north": {"uv": [10.5, 11, 10.75, 11.75], "texture": "#1"},
				"east": {"uv": [10.75, 11, 11, 11.75], "texture": "#1"},
				"south": {"uv": [11, 10.75, 11.25, 11.5], "texture": "#1"},
				"west": {"uv": [11.25, 1.5, 11.5, 2.25], "texture": "#1"},
				"up": {"uv": [12.5, 12.75, 12.25, 12.5], "texture": "#1"},
				"down": {"uv": [12.75, 12.25, 12.5, 12.5], "texture": "#1"}
			}
		},
		{
			"from": [1, 10, 1],
			"to": [2, 11, 2],
			"faces": {
				"north": {"uv": [11.5, 12.5, 11.75, 12.75], "texture": "#1"},
				"east": {"uv": [12.5, 11.5, 12.75, 11.75], "texture": "#1"},
				"south": {"uv": [11.75, 12.5, 12, 12.75], "texture": "#1"},
				"west": {"uv": [12.5, 11.75, 12.75, 12], "texture": "#1"},
				"up": {"uv": [12.25, 12.75, 12, 12.5], "texture": "#1"},
				"down": {"uv": [12.75, 12, 12.5, 12.25], "texture": "#1"}
			}
		}
	],
	"display": {
		"thirdperson_righthand": {
			"translation": [0, 5, 0],
			"scale": [0.43555, 0.67773, 0.35742]
		},
		"thirdperson_lefthand": {
			"translation": [0, 1.25, 0],
			"scale": [0.43555, 0.67773, 0.35742]
		},
		"firstperson_righthand": {
			"translation": [0, 1.25, 0]
		},
		"ground": {
			"translation": [0, 1.25, 0],
			"scale": [0.61914, 0.74805, 0.45313]
		},
		"gui": {
			"translation": [0, 2, 0],
			"scale": [0.74414, 1.01172, 0.35742]
		},
		"head": {
			"translation": [0, 10.5, 0],
			"scale": [0.76, 0.83, 0.76]
		},
		"fixed": {
			"translation": [0, 3, 0],
			"scale": [0.85742, 1.25, 0.64453]
		}
	},
	"groups": [
		{
			"name": "Spodek",
			"origin": [8, 8, 8],
			"color": 0,
			"children": [0, 1, 2, 3]
		},
		{
			"name": "Střed",
			"origin": [8, 8, 8],
			"color": 0,
			"children": [4, 5, 6, 7, 8, 9, 10, 11, 12, 13, 14, 15, 16]
		},
		{
			"name": "Rubíny",
			"origin": [8, 8, 8],
			"color": 0,
			"children": [17, 18, 19, 20]
		},
		{
			"name": "Vrch",
			"origin": [8, 8, 8],
			"color": 0,
			"children": [21, 22, 23, 24, 25, 26, 27, 28, 29, 30, 31, 32, 33, 34, 35, 36, 37, 38, 39, 40, 41, 42, 43, 44, 45, 46, 47, 48, 49, 50, 51, 52, 53, 54, 55, 56, 57, 58, 59, 60, 61, 62, 63, 64, 65, 66, 67, 68, 69, 70, 71, 72, 73, 74, 75, 76, 77, 78, 79, 80, 81, 82, 83, 84, 85, 86, 87, 88, 89, 90, 91, 92]
		}
	]
}