{
	"credit": "Made with Blockbench",
	"ambientocclusion": false,
	"textures": {
		"plant": "blockbench/poppy"
	},
	"elements": [
		{
			"from": [6, 7, 6],
			"to": [9, 8, 9],
			"faces": {
				"north": {"uv": [6, 9, 7, 10], "texture": "#plant"},
				"east": {"uv": [6, 9, 7, 10], "texture": "#plant"},
				"south": {"uv": [6, 9, 7, 10], "texture": "#plant"},
				"west": {"uv": [6, 9, 7, 10], "texture": "#plant"},
				"up": {"uv": [6, 9, 7, 10], "texture": "#plant"},
				"down": {"uv": [6, 9, 7, 10], "texture": "#plant"}
			}
		},
		{
			"from": [6, 7, 5],
			"to": [9, 8.5, 6],
			"rotation": {"angle": 0, "axis": "y", "origin": [14, 15, 14]},
			"faces": {
				"north": {"uv": [6, 7, 7, 10], "rotation": 90, "texture": "#plant"},
				"east": {"uv": [6, 7, 7, 8], "rotation": 90, "texture": "#plant"},
				"south": {"uv": [6, 7, 7, 10], "rotation": 90, "texture": "#plant"},
				"west": {"uv": [6, 7, 7, 8], "rotation": 90, "texture": "#plant"},
				"up": {"uv": [6, 7, 7, 10], "rotation": 90, "texture": "#plant"},
				"down": {"uv": [6, 7, 7, 10], "rotation": 90, "texture": "#plant"}
			}
		},
		{
			"from": [6, 8, 4],
			"to": [9, 9.5, 5],
			"rotation": {"angle": 0, "axis": "y", "origin": [14, 16, 13]},
			"faces": {
				"north": {"uv": [5, 8, 8, 9], "texture": "#plant"},
				"east": {"uv": [5, 8, 6, 9], "texture": "#plant"},
				"south": {"uv": [5, 8, 8, 9], "texture": "#plant"},
				"west": {"uv": [5, 8, 6, 9], "texture": "#plant"},
				"up": {"uv": [5, 8, 8, 9], "texture": "#plant"},
				"down": {"uv": [5, 8, 8, 9], "texture": "#plant"}
			}
		},
		{
			"from": [6, 8, 10],
			"to": [9, 9.5, 11],
			"rotation": {"angle": 0, "axis": "y", "origin": [14, 16, 19]},
			"faces": {
				"north": {"uv": [5, 8, 8, 9], "texture": "#plant"},
				"east": {"uv": [5, 8, 8, 9], "texture": "#plant"},
				"south": {"uv": [5, 8, 8, 9], "texture": "#plant"},
				"west": {"uv": [5, 8, 8, 9], "texture": "#plant"},
				"up": {"uv": [5, 8, 8, 9], "texture": "#plant"},
				"down": {"uv": [5, 8, 8, 9], "texture": "#plant"}
			}
		},
		{
			"from": [4, 8, 6],
			"to": [5, 9.5, 9],
			"rotation": {"angle": 0, "axis": "y", "origin": [12, 16, 2]},
			"faces": {
				"north": {"uv": [5, 8, 8, 9], "texture": "#plant"},
				"east": {"uv": [5, 8, 8, 9], "texture": "#plant"},
				"south": {"uv": [5, 8, 8, 9], "texture": "#plant"},
				"west": {"uv": [5, 8, 8, 9], "texture": "#plant"},
				"up": {"uv": [5, 8, 8, 9], "rotation": 270, "texture": "#plant"},
				"down": {"uv": [5, 8, 8, 9], "rotation": 90, "texture": "#plant"}
			}
		},
		{
			"from": [10, 8, 6],
			"to": [11, 9.5, 9],
			"rotation": {"angle": 0, "axis": "y", "origin": [18, 16, 2]},
			"faces": {
				"north": {"uv": [5, 8, 8, 9], "texture": "#plant"},
				"east": {"uv": [5, 8, 8, 9], "texture": "#plant"},
				"south": {"uv": [5, 8, 8, 9], "texture": "#plant"},
				"west": {"uv": [5, 8, 8, 9], "texture": "#plant"},
				"up": {"uv": [5, 8, 8, 9], "rotation": 270, "texture": "#plant"},
				"down": {"uv": [5, 8, 8, 9], "rotation": 90, "texture": "#plant"}
			}
		},
		{
			"from": [6, 7, 9],
			"to": [9, 8.5, 10],
			"rotation": {"angle": 0, "axis": "y", "origin": [14, 15, 18]},
			"faces": {
				"north": {"uv": [6, 7, 7, 10], "rotation": 90, "texture": "#plant"},
				"east": {"uv": [6, 7, 7, 8], "rotation": 90, "texture": "#plant"},
				"south": {"uv": [6, 7, 7, 10], "rotation": 90, "texture": "#plant"},
				"west": {"uv": [6, 7, 7, 8], "rotation": 90, "texture": "#plant"},
				"up": {"uv": [6, 7, 7, 10], "rotation": 90, "texture": "#plant"},
				"down": {"uv": [6, 7, 7, 10], "rotation": 90, "texture": "#plant"}
			}
		},
		{
			"from": [9, 7, 6],
			"to": [10, 8.5, 9],
			"rotation": {"angle": 0, "axis": "y", "origin": [2, 15, 15]},
			"faces": {
				"north": {"uv": [6, 7, 7, 8], "rotation": 90, "texture": "#plant"},
				"east": {"uv": [6, 7, 7, 10], "rotation": 90, "texture": "#plant"},
				"south": {"uv": [6, 7, 7, 8], "rotation": 90, "texture": "#plant"},
				"west": {"uv": [6, 7, 7, 8], "rotation": 90, "texture": "#plant"},
				"up": {"uv": [6, 7, 7, 10], "texture": "#plant"},
				"down": {"uv": [6, 7, 7, 10], "texture": "#plant"}
			}
		},
		{
			"from": [5, 7, 6],
			"to": [6, 8.5, 9],
			"rotation": {"angle": 0, "axis": "y", "origin": [-2, 15, 15]},
			"faces": {
				"north": {"uv": [6, 7, 7, 8], "rotation": 90, "texture": "#plant"},
				"east": {"uv": [6, 7, 7, 10], "rotation": 90, "texture": "#plant"},
				"south": {"uv": [6, 7, 7, 8], "rotation": 90, "texture": "#plant"},
				"west": {"uv": [6, 7, 7, 10], "rotation": 90, "texture": "#plant"},
				"up": {"uv": [6, 7, 7, 10], "texture": "#plant"},
				"down": {"uv": [6, 7, 7, 10], "texture": "#plant"}
			}
		},
		{
			"from": [9, 7.75, 5],
			"to": [10, 9.25, 6],
			"rotation": {"angle": 0, "axis": "y", "origin": [2, 16, 12]},
			"faces": {
				"north": {"uv": [6, 6, 7, 7], "rotation": 90, "texture": "#plant"},
				"east": {"uv": [6, 6, 7, 7], "rotation": 90, "texture": "#plant"},
				"south": {"uv": [6, 6, 7, 7], "rotation": 90, "texture": "#plant"},
				"west": {"uv": [6, 6, 7, 7], "rotation": 90, "texture": "#plant"},
				"up": {"uv": [6, 6, 7, 7], "rotation": 90, "texture": "#plant"},
				"down": {"uv": [6, 6, 7, 7], "rotation": 90, "texture": "#plant"}
			}
		},
		{
			"from": [9, 7.75, 9],
			"to": [10, 9.25, 10],
			"rotation": {"angle": 0, "axis": "y", "origin": [2, 16, 16]},
			"faces": {
				"north": {"uv": [6, 6, 7, 7], "rotation": 90, "texture": "#plant"},
				"east": {"uv": [6, 6, 7, 7], "rotation": 90, "texture": "#plant"},
				"south": {"uv": [6, 6, 7, 7], "rotation": 90, "texture": "#plant"},
				"west": {"uv": [6, 6, 7, 7], "rotation": 90, "texture": "#plant"},
				"up": {"uv": [6, 6, 7, 7], "rotation": 90, "texture": "#plant"},
				"down": {"uv": [6, 6, 7, 7], "rotation": 90, "texture": "#plant"}
			}
		},
		{
			"from": [5, 7.75, 9],
			"to": [6, 9.25, 10],
			"rotation": {"angle": 0, "axis": "y", "origin": [-2, 16, 16]},
			"faces": {
				"north": {"uv": [6, 6, 7, 7], "rotation": 90, "texture": "#plant"},
				"east": {"uv": [6, 6, 7, 7], "rotation": 90, "texture": "#plant"},
				"south": {"uv": [6, 6, 7, 7], "rotation": 90, "texture": "#plant"},
				"west": {"uv": [6, 6, 7, 7], "rotation": 90, "texture": "#plant"},
				"up": {"uv": [6, 6, 7, 7], "rotation": 90, "texture": "#plant"},
				"down": {"uv": [6, 6, 7, 7], "rotation": 90, "texture": "#plant"}
			}
		},
		{
			"from": [5, 7.75, 5],
			"to": [6, 9.25, 6],
			"rotation": {"angle": 0, "axis": "y", "origin": [-2, 16, 12]},
			"faces": {
				"north": {"uv": [6, 6, 7, 7], "rotation": 90, "texture": "#plant"},
				"east": {"uv": [6, 6, 7, 7], "rotation": 90, "texture": "#plant"},
				"south": {"uv": [6, 6, 7, 7], "rotation": 90, "texture": "#plant"},
				"west": {"uv": [6, 6, 7, 7], "rotation": 90, "texture": "#plant"},
				"up": {"uv": [6, 6, 7, 7], "rotation": 90, "texture": "#plant"},
				"down": {"uv": [6, 6, 7, 7], "rotation": 90, "texture": "#plant"}
			}
		},
		{
			"from": [6, 8, 7],
			"to": [7, 8.45, 8],
			"rotation": {"angle": 0, "axis": "y", "origin": [8, 9, 8]},
			"faces": {
				"north": {"uv": [10, 7, 11, 8], "texture": "#plant"},
				"east": {"uv": [10, 7, 11, 8], "texture": "#plant"},
				"south": {"uv": [10, 7, 11, 8], "texture": "#plant"},
				"west": {"uv": [10, 7, 11, 8], "texture": "#plant"},
				"up": {"uv": [10, 7, 11, 8], "texture": "#plant"},
				"down": {"uv": [10, 7, 11, 8], "texture": "#plant"}
			}
		},
		{
			"from": [7, 8, 7],
			"to": [8, 9, 8],
			"rotation": {"angle": 0, "axis": "y", "origin": [8, 9, 8]},
			"faces": {
				"north": {"uv": [7, 7, 8, 8], "texture": "#plant"},
				"east": {"uv": [7, 7, 8, 8], "texture": "#plant"},
				"south": {"uv": [7, 7, 8, 8], "texture": "#plant"},
				"west": {"uv": [7, 7, 8, 8], "texture": "#plant"},
				"up": {"uv": [7, 7, 8, 8], "texture": "#plant"},
				"down": {"uv": [7, 7, 8, 8], "texture": "#plant"}
			}
		},
		{
			"from": [7, 8, 6],
			"to": [8, 8.45, 7],
			"rotation": {"angle": 0, "axis": "y", "origin": [8, 9, 8]},
			"faces": {
				"north": {"uv": [10, 7, 11, 8], "texture": "#plant"},
				"east": {"uv": [10, 7, 11, 8], "texture": "#plant"},
				"south": {"uv": [10, 7, 11, 8], "texture": "#plant"},
				"west": {"uv": [10, 7, 11, 8], "texture": "#plant"},
				"up": {"uv": [10, 7, 11, 8], "texture": "#plant"},
				"down": {"uv": [10, 7, 11, 8], "texture": "#plant"}
			}
		},
		{
			"from": [8, 8, 7],
			"to": [9, 8.45, 8],
			"rotation": {"angle": 0, "axis": "y", "origin": [8, 9, 8]},
			"faces": {
				"north": {"uv": [10, 7, 11, 8], "texture": "#plant"},
				"east": {"uv": [6, 7, 7, 8], "texture": "#plant"},
				"south": {"uv": [10, 7, 11, 8], "texture": "#plant"},
				"west": {"uv": [10, 7, 11, 8], "texture": "#plant"},
				"up": {"uv": [10, 7, 11, 8], "texture": "#plant"},
				"down": {"uv": [10, 7, 11, 8], "texture": "#plant"}
			}
		},
		{
			"from": [7, 8, 8],
			"to": [8, 8.45, 9],
			"rotation": {"angle": 0, "axis": "y", "origin": [8, 9, 8]},
			"faces": {
				"north": {"uv": [10, 7, 11, 8], "texture": "#plant"},
				"east": {"uv": [10, 7, 11, 8], "texture": "#plant"},
				"south": {"uv": [10, 7, 11, 8], "texture": "#plant"},
				"west": {"uv": [10, 7, 11, 8], "texture": "#plant"},
				"up": {"uv": [10, 7, 11, 8], "texture": "#plant"},
				"down": {"uv": [10, 7, 11, 8], "texture": "#plant"}
			}
		},
		{
			"from": [10, 2, 7.25],
			"to": [11, 3, 7.75],
			"faces": {
				"north": {"uv": [5, 13, 6, 14], "texture": "#plant"},
				"east": {"uv": [5, 13, 6, 14], "texture": "#plant"},
				"south": {"uv": [5, 13, 6, 14], "texture": "#plant"},
				"west": {"uv": [5, 13, 6, 14], "texture": "#plant"},
				"up": {"uv": [5, 13, 6, 14], "texture": "#plant"},
				"down": {"uv": [5, 13, 6, 14], "texture": "#plant"}
			}
		},
		{
			"from": [7.25, 2, 4],
			"to": [7.75, 3, 5],
			"faces": {
				"north": {"uv": [5, 13, 6, 14], "texture": "#plant"},
				"east": {"uv": [5, 13, 6, 14], "texture": "#plant"},
				"south": {"uv": [5, 13, 6, 14], "texture": "#plant"},
				"west": {"uv": [5, 13, 6, 14], "texture": "#plant"},
				"up": {"uv": [5, 13, 6, 14], "rotation": 270, "texture": "#plant"},
				"down": {"uv": [5, 13, 6, 14], "rotation": 90, "texture": "#plant"}
			}
		},
		{
			"from": [7, 0, 7],
			"to": [8, 7, 8],
			"faces": {
				"north": {"uv": [8, 9, 9, 16], "texture": "#plant"},
				"east": {"uv": [8, 9, 9, 16], "texture": "#plant"},
				"south": {"uv": [8, 9, 9, 16], "texture": "#plant"},
				"west": {"uv": [8, 9, 9, 16], "texture": "#plant"},
				"up": {"uv": [8, 9, 9, 10], "texture": "#plant"},
				"down": {"uv": [8, 15, 9, 16], "texture": "#plant"}
			}
		},
		{
			"from": [6, 0, 7.25],
			"to": [7, 2, 7.75],
			"faces": {
				"north": {"uv": [9, 14, 10, 16], "texture": "#plant"},
				"east": {"uv": [9, 14, 10, 16], "texture": "#plant"},
				"south": {"uv": [9, 14, 10, 16], "texture": "#plant"},
				"west": {"uv": [9, 14, 10, 16], "texture": "#plant"},
				"up": {"uv": [9, 14, 10, 15], "texture": "#plant"},
				"down": {"uv": [9, 15, 10, 16], "texture": "#plant"}
			}
		},
		{
			"from": [7.25, 0, 8],
			"to": [7.75, 2, 9],
			"faces": {
				"north": {"uv": [9, 14, 10, 16], "texture": "#plant"},
				"east": {"uv": [9, 14, 10, 16], "texture": "#plant"},
				"south": {"uv": [9, 14, 10, 16], "texture": "#plant"},
				"west": {"uv": [9, 14, 10, 16], "texture": "#plant"},
				"up": {"uv": [9, 14, 10, 15], "rotation": 270, "texture": "#plant"},
				"down": {"uv": [9, 15, 10, 16], "rotation": 90, "texture": "#plant"}
			}
		},
		{
			"from": [9, 1, 7.25],
			"to": [10, 3, 7.75],
			"faces": {
				"north": {"uv": [6, 13, 7, 15], "texture": "#plant"},
				"east": {"uv": [6, 13, 7, 15], "texture": "#plant"},
				"south": {"uv": [6, 13, 7, 15], "texture": "#plant"},
				"west": {"uv": [6, 13, 7, 15], "texture": "#plant"},
				"up": {"uv": [6, 13, 7, 14], "texture": "#plant"},
				"down": {"uv": [6, 14, 7, 15], "texture": "#plant"}
			}
		},
		{
			"from": [7.25, 1, 5],
			"to": [7.75, 3, 6],
			"faces": {
				"north": {"uv": [6, 13, 7, 15], "texture": "#plant"},
				"east": {"uv": [6, 13, 7, 15], "texture": "#plant"},
				"south": {"uv": [6, 13, 7, 15], "texture": "#plant"},
				"west": {"uv": [6, 13, 7, 15], "texture": "#plant"},
				"up": {"uv": [6, 13, 7, 14], "rotation": 270, "texture": "#plant"},
				"down": {"uv": [6, 14, 7, 15], "rotation": 90, "texture": "#plant"}
			}
		},
		{
			"from": [8, 0, 7.25],
			"to": [9, 1, 7.75],
			"faces": {
				"north": {"uv": [7, 15, 8, 16], "texture": "#plant"},
				"east": {"uv": [7, 15, 8, 16], "texture": "#plant"},
				"south": {"uv": [7, 15, 8, 16], "texture": "#plant"},
				"west": {"uv": [7, 15, 8, 16], "texture": "#plant"},
				"up": {"uv": [7, 15, 8, 16], "texture": "#plant"},
				"down": {"uv": [7, 15, 8, 16], "texture": "#plant"}
			}
		},
		{
			"from": [7.25, 0, 6],
			"to": [7.75, 1, 7],
			"faces": {
				"north": {"uv": [7, 15, 8, 16], "texture": "#plant"},
				"east": {"uv": [7, 15, 8, 16], "texture": "#plant"},
				"south": {"uv": [7, 15, 8, 16], "texture": "#plant"},
				"west": {"uv": [7, 15, 8, 16], "texture": "#plant"},
				"up": {"uv": [7, 15, 8, 16], "rotation": 270, "texture": "#plant"},
				"down": {"uv": [7, 15, 8, 16], "rotation": 90, "texture": "#plant"}
			}
		},
		{
			"from": [8, 6, 7],
			"to": [9, 7, 8],
			"faces": {
				"north": {"uv": [7, 9, 8, 10], "texture": "#plant"},
				"east": {"uv": [7, 9, 8, 10], "texture": "#plant"},
				"south": {"uv": [7, 9, 8, 10], "texture": "#plant"},
				"west": {"uv": [7, 9, 8, 10], "texture": "#plant"},
				"up": {"uv": [7, 9, 8, 10], "texture": "#plant"},
				"down": {"uv": [7, 9, 8, 10], "texture": "#plant"}
			}
		},
		{
			"from": [4, 2, 7.25],
			"to": [6, 3, 7.75],
			"faces": {
				"north": {"uv": [10, 13, 12, 14], "texture": "#plant"},
				"east": {"uv": [10, 13, 12, 14], "texture": "#plant"},
				"south": {"uv": [10, 13, 12, 14], "texture": "#plant"},
				"west": {"uv": [10, 13, 12, 14], "texture": "#plant"},
				"up": {"uv": [10, 13, 12, 14], "texture": "#plant"},
				"down": {"uv": [10, 13, 12, 14], "texture": "#plant"}
			}
		},
		{
			"from": [7.25, 2, 9],
			"to": [7.75, 3, 11],
			"faces": {
				"north": {"uv": [10, 13, 12, 14], "texture": "#plant"},
				"east": {"uv": [10, 13, 12, 14], "texture": "#plant"},
				"south": {"uv": [10, 13, 12, 14], "texture": "#plant"},
				"west": {"uv": [10, 13, 12, 14], "texture": "#plant"},
				"up": {"uv": [10, 13, 12, 14], "rotation": 270, "texture": "#plant"},
				"down": {"uv": [10, 13, 12, 14], "rotation": 90, "texture": "#plant"}
			}
		}
	],
	"display": {
		"thirdperson_righthand": {
			"translation": [0, 2.5, 0],
			"scale": [0.8, 0.8, 0.8]
		},
		"thirdperson_lefthand": {
			"translation": [0, 2.5, 0],
			"scale": [0.8, 0.8, 0.8]
		},
		"firstperson_righthand": {
			"translation": [2.75, 0, 0]
		},
		"firstperson_lefthand": {
			"translation": [2.75, 0, 0]
		},
		"ground": {
			"translation": [0, 3.25, 0]
		},
		"gui": {
			"rotation": [36, -44, 18],
			"translation": [0, 1.75, 0]
		},
		"head": {
			"translation": [0.25, 14.25, 0]
		}
	},
	"groups": [
		{
			"name": "group",
			"origin": [8, 8, 8],
			"color": 0,
			"children": [
				{
					"name": "flower",
					"origin": [8, 8, 8],
					"color": 0,
					"children": [
						0,
						1,
						2,
						3,
						4,
						5,
						6,
						7,
						8,
						9,
						10,
						11,
						12,
						{
							"name": "group",
							"origin": [7.5, 8, 8.5],
							"color": 0,
							"children": [13, 14, 15, 16, 17]
						}
					]
				},
				{
					"name": "Stem",
					"origin": [8, 8, 8],
					"color": 0,
					"children": [18, 19, 20, 21, 22, 23, 24, 25, 26, 27, 28, 29]
				}
			]
		}
	]
}