{
	"credit": "Made with Blockbench",
	"ambientocclusion": false,
	"textures": {
		"particle": "block\\white_stained_glass",
		"oak_planks": "block\\oak_planks",
		"red_wool": "block\\red_wool"
	},
	"elements": [
		{
			"name": "EdgeL",
			"from": [6.5, -0.01, -0.01],
			"to": [9.5, 16.01, 2],
			"faces": {
				"north": {"uv": [0, 0, 3, 16], "texture": "#oak_planks"},
				"east": {"uv": [0, 0, 2.01, 16], "texture": "#oak_planks"},
				"south": {"uv": [0, 0, 3, 16], "texture": "#oak_planks"},
				"west": {"uv": [0, 0, 2.01, 16], "texture": "#oak_planks"},
				"up": {"uv": [0, 0, 3, 2.01], "texture": "#oak_planks"},
				"down": {"uv": [0, 0, 3, 2.01], "texture": "#oak_planks"}
			}
		},
		{
			"name": "EdgeR",
			"from": [6.5, -0.01, 14.01],
			"to": [9.5, 16.01, 16.02],
			"faces": {
				"north": {"uv": [0, 0, 3, 16], "texture": "#oak_planks"},
				"east": {"uv": [0, 0, 2.01, 16], "texture": "#oak_planks"},
				"south": {"uv": [0, 0, 3, 16], "texture": "#oak_planks"},
				"west": {"uv": [0, 0, 2.01, 16], "texture": "#oak_planks"},
				"up": {"uv": [0, 0, 3, 2.01], "texture": "#oak_planks"},
				"down": {"uv": [0, 0, 3, 2.01], "texture": "#oak_planks"}
			}
		},
		{
			"name": "RibbonL",
			"from": [6.75, 14.5, 2],
			"to": [9.25, 16.5, 4],
			"faces": {
				"north": {"uv": [0, 0, 2.5, 2], "texture": "#red_wool"},
				"east": {"uv": [0, 0, 2, 2], "texture": "#red_wool"},
				"south": {"uv": [0, 0, 2.5, 2], "texture": "#red_wool"},
				"west": {"uv": [0, 0, 2, 2], "texture": "#red_wool"},
				"up": {"uv": [0, 0, 2.5, 2], "texture": "#red_wool"},
				"down": {"uv": [0, 0, 2.5, 2], "texture": "#red_wool"}
			}
		},
		{
			"name": "RibbonR",
			"from": [6.75, 14.5, 12],
			"to": [9.25, 16.5, 14],
			"faces": {
				"north": {"uv": [0, 0, 2.5, 2], "texture": "#red_wool"},
				"east": {"uv": [0, 0, 2, 2], "texture": "#red_wool"},
				"south": {"uv": [0, 0, 2.5, 2], "texture": "#red_wool"},
				"west": {"uv": [0, 0, 2, 2], "texture": "#red_wool"},
				"up": {"uv": [0, 0, 2.5, 2], "texture": "#red_wool"},
				"down": {"uv": [0, 0, 2.5, 2], "texture": "#red_wool"}
			}
		},
		{
			"name": "RibbonM",
			"from": [6.75, 14.75, 4],
			"to": [9.25, 16.75, 12],
			"faces": {
				"north": {"uv": [0, 0, 2.5, 2], "texture": "#red_wool"},
				"east": {"uv": [0, 0, 8, 2], "texture": "#red_wool"},
				"south": {"uv": [0, 0, 2.5, 2], "texture": "#red_wool"},
				"west": {"uv": [0, 0, 8, 2], "texture": "#red_wool"},
				"up": {"uv": [0, 0, 2.5, 8], "texture": "#red_wool"},
				"down": {"uv": [0, 0, 2.5, 8], "texture": "#red_wool"}
			}
		}
	],
	"display": {
		"thirdperson_righthand": {
			"rotation": [75, 315, 0],
			"translation": [0, 2.5, 0],
			"scale": [0.375, 0.375, 0.375]
		},
		"firstperson_righthand": {
			"rotation": [0, 315, 0],
			"translation": [0, 2.5, 0],
			"scale": [0.4, 0.4, 0.4]
		},
		"ground": {
			"translation": [0, 3, 0],
			"scale": [0.25, 0.25, 0.25]
		},
		"gui": {
			"rotation": [30, 45, 0],
			"scale": [0.625, 0.625, 0.625]
		},
		"head": {
			"rotation": [0, 180, 0]
		},
		"fixed": {
			"rotation": [270, 180, 0],
			"translation": [0, 0, -16],
			"scale": [2, 2, 2]
		}
	}
}