{
	"credit": "Made with Blockbench",
	"textures": {
		"1": "blockbench/ironbucketb"
	},
	"elements": [
		{
			"from": [15, 2.625, 2],
			"to": [16, 14, 14],
			"faces": {
				"north": {"uv": [0, 1, 1, 16], "texture": "#1"},
				"east": {"uv": [0, 1, 16, 16], "texture": "#1"},
				"south": {"uv": [0, 1, 1, 16], "texture": "#1"},
				"west": {"uv": [0, 1, 16, 16], "texture": "#1"},
				"up": {"uv": [0, 1, 1, 16], "texture": "#1"},
				"down": {"uv": [0, 1, 1, 16], "texture": "#1"}
			}
		},
		{
			"from": [14, 2.875, 14],
			"to": [15, 14, 15],
			"faces": {
				"north": {"uv": [0, 1, 1, 16], "texture": "#1"},
				"east": {"uv": [0, 1, 16, 16], "texture": "#1"},
				"south": {"uv": [0, 1, 1, 16], "texture": "#1"},
				"west": {"uv": [0, 1, 16, 16], "texture": "#1"},
				"up": {"uv": [0, 1, 1, 16], "texture": "#1"},
				"down": {"uv": [0, 1, 1, 16], "texture": "#1"}
			}
		},
		{
			"from": [14, 2.625, 1],
			"to": [15, 14, 2],
			"faces": {
				"north": {"uv": [0, 1, 1, 16], "texture": "#1"},
				"east": {"uv": [0, 1, 16, 16], "texture": "#1"},
				"south": {"uv": [0, 1, 1, 16], "texture": "#1"},
				"west": {"uv": [0, 1, 16, 16], "texture": "#1"},
				"up": {"uv": [0, 1, 1, 16], "texture": "#1"},
				"down": {"uv": [0, 1, 1, 16], "texture": "#1"}
			}
		},
		{
			"from": [1, 2.625, 1],
			"to": [2, 14, 2],
			"faces": {
				"north": {"uv": [0, 1, 1, 16], "texture": "#1"},
				"east": {"uv": [0, 1, 16, 16], "texture": "#1"},
				"south": {"uv": [0, 1, 1, 16], "texture": "#1"},
				"west": {"uv": [0, 1, 16, 16], "texture": "#1"},
				"up": {"uv": [0, 1, 1, 16], "texture": "#1"},
				"down": {"uv": [0, 1, 1, 16], "texture": "#1"}
			}
		},
		{
			"from": [1, 2.625, 14],
			"to": [2, 14, 15],
			"faces": {
				"north": {"uv": [0, 1, 1, 16], "texture": "#1"},
				"east": {"uv": [0, 1, 16, 16], "texture": "#1"},
				"south": {"uv": [0, 1, 1, 16], "texture": "#1"},
				"west": {"uv": [0, 1, 16, 16], "texture": "#1"},
				"up": {"uv": [0, 1, 1, 16], "texture": "#1"},
				"down": {"uv": [0, 1, 1, 16], "texture": "#1"}
			}
		},
		{
			"from": [0, 2.625, 2],
			"to": [1, 14, 14],
			"faces": {
				"north": {"uv": [0, 1, 1, 16], "texture": "#1"},
				"east": {"uv": [0, 1, 16, 16], "texture": "#1"},
				"south": {"uv": [0, 1, 1, 16], "texture": "#1"},
				"west": {"uv": [0, 1, 16, 16], "texture": "#1"},
				"up": {"uv": [0, 1, 1, 16], "texture": "#1"},
				"down": {"uv": [0, 1, 1, 16], "texture": "#1"}
			}
		},
		{
			"from": [2, 2.625, 0],
			"to": [14, 14, 1],
			"faces": {
				"north": {"uv": [0, 1, 16, 15], "texture": "#1"},
				"east": {"uv": [0, 1, 1, 16], "texture": "#1"},
				"south": {"uv": [0, 1, 16, 16], "texture": "#1"},
				"west": {"uv": [0, 1, 1, 16], "texture": "#1"},
				"up": {"uv": [0, 1, 1, 16], "rotation": 90, "texture": "#1"},
				"down": {"uv": [0, 1, 1, 16], "rotation": 270, "texture": "#1"}
			}
		},
		{
			"from": [2, 2.625, 15],
			"to": [14, 14, 16],
			"faces": {
				"north": {"uv": [0, 1, 16, 16], "texture": "#1"},
				"east": {"uv": [0, 1, 1, 16], "texture": "#1"},
				"south": {"uv": [0, 1, 16, 16], "texture": "#1"},
				"west": {"uv": [0, 1, 1, 16], "texture": "#1"},
				"up": {"uv": [0, 1, 1, 16], "rotation": 90, "texture": "#1"},
				"down": {"uv": [0, 1, 1, 16], "rotation": 270, "texture": "#1"}
			}
		},
		{
			"from": [1, 14, 15],
			"to": [15, 16, 17],
			"faces": {
				"north": {"uv": [0, 0, 16, 2], "texture": "#1"},
				"east": {"uv": [0, 4, 16, 16], "texture": "#1"},
				"south": {"uv": [0, 0, 16, 2], "texture": "#1"},
				"west": {"uv": [0, 1, 1, 16], "texture": "#1"},
				"up": {"uv": [0, 1, 1, 16], "rotation": 90, "texture": "#1"},
				"down": {"uv": [0, 1, 1, 16], "rotation": 270, "texture": "#1"}
			}
		},
		{
			"from": [2, 1.875, 1],
			"to": [14, 4.375, 15],
			"faces": {
				"north": {"uv": [0, 0, 14, 1], "texture": "#1"},
				"east": {"uv": [0, 0, 14, 1], "texture": "#1"},
				"south": {"uv": [0, 0, 12, 1], "texture": "#1"},
				"west": {"uv": [0, 0, 14, 1], "texture": "#1"},
				"up": {"uv": [0, 0, 12, 14], "texture": "#1"},
				"down": {"uv": [0, 0, 14, 16], "texture": "#1"}
			}
		},
		{
			"from": [14, 2.875, 2],
			"to": [15, 3.875, 14],
			"faces": {
				"north": {"uv": [0, 0, 1, 1], "texture": "#1"},
				"east": {"uv": [0, 0, 12, 1], "texture": "#1"},
				"south": {"uv": [0, 0, 1, 1], "texture": "#1"},
				"west": {"uv": [0, 0, 12, 1], "texture": "#1"},
				"up": {"uv": [0, 0, 1, 12], "texture": "#1"},
				"down": {"uv": [0, 0, 1, 12], "texture": "#1"}
			}
		},
		{
			"from": [1, 2.875, 2],
			"to": [2, 3.875, 14],
			"faces": {
				"north": {"uv": [0, 0, 1, 1], "texture": "#1"},
				"east": {"uv": [0, 0, 12, 1], "texture": "#1"},
				"south": {"uv": [0, 0, 1, 1], "texture": "#1"},
				"west": {"uv": [0, 0, 12, 1], "texture": "#1"},
				"up": {"uv": [0, 0, 1, 12], "texture": "#1"},
				"down": {"uv": [15, 0, 16, 12], "texture": "#1"}
			}
		},
		{
			"from": [15, 14, 1],
			"to": [17, 16, 15],
			"faces": {
				"north": {"uv": [0, 0, 16, 2], "texture": "#1"},
				"east": {"uv": [0, 0, 16, 2], "texture": "#1"},
				"south": {"uv": [0, 1, 1, 16], "texture": "#1"},
				"west": {"uv": [0, 0, 16, 2], "texture": "#1"},
				"up": {"uv": [0, 1, 1, 16], "texture": "#1"},
				"down": {"uv": [0, 1, 1, 16], "texture": "#1"}
			}
		},
		{
			"from": [1, 14, -1],
			"to": [15, 16, 1],
			"faces": {
				"north": {"uv": [0, 0, 16, 2], "texture": "#1"},
				"east": {"uv": [0, 4, 16, 16], "texture": "#1"},
				"south": {"uv": [0, 0, 16, 2], "texture": "#1"},
				"west": {"uv": [0, 1, 1, 16], "texture": "#1"},
				"up": {"uv": [0, 1, 1, 16], "rotation": 90, "texture": "#1"},
				"down": {"uv": [0, 1, 1, 16], "rotation": 270, "texture": "#1"}
			}
		},
		{
			"from": [-1, 14, 1],
			"to": [1, 16, 15],
			"faces": {
				"north": {"uv": [0, 0, 16, 2], "texture": "#1"},
				"east": {"uv": [0, 4, 16, 16], "texture": "#1"},
				"south": {"uv": [0, 1, 1, 16], "texture": "#1"},
				"west": {"uv": [0, 0, 16, 2], "texture": "#1"},
				"up": {"uv": [0, 1, 1, 16], "texture": "#1"},
				"down": {"uv": [0, 1, 1, 16], "texture": "#1"}
			}
		}
	],
	"display": {
		"thirdperson_righthand": {
			"rotation": [-15, 0, 0],
			"translation": [0, -2.25, -2.25],
			"scale": [0.2832, 0.2832, 0.2832]
		},
		"thirdperson_lefthand": {
			"rotation": [-15, 0, 0],
			"translation": [0, -2.25, -2.25],
			"scale": [0.2832, 0.2832, 0.2832]
		},
		"firstperson_righthand": {
			"rotation": [0, 126.5, -7],
			"translation": [1.75, 0.5, 0],
			"scale": [0.27734, 0.27734, 0.27734]
		},
		"firstperson_lefthand": {
			"rotation": [0, 126.5, -7],
			"translation": [1.75, 0.5, 0],
			"scale": [0.27734, 0.27734, 0.27734]
		},
		"ground": {
			"scale": [0.35156, 0.35156, 0.35156]
		},
		"gui": {
			"rotation": [27.75, 146.5, 0],
			"translation": [0, -0.5, 0],
			"scale": [0.54102, 0.54102, 0.54102]
		},
		"head": {
			"rotation": [-180, 0, 0],
			"translation": [0, 7.75, 0],
			"scale": [1.03, 1.03, 1.03]
		},
		"fixed": {
			"translation": [0, 0, -2.25],
			"scale": [0.5, 0.5, 0.5]
		}
	},
	"groups": [
		0,
		1,
		2,
		3,
		4,
		5,
		6,
		7,
		8,
		9,
		10,
		11,
		12,
		13,
		14,
		{
			"name": "body",
			"origin": [0, 6, 0],
			"color": 0,
			"children": []
		}
	]
}