{
	"credit": "Made with Blockbench",
	"textures": {
		"0": "blockbench/villager",
		"particle": "blockbench/villager"
	},
	"elements": [
		{
			"from": [7, 0, 7],
			"to": [9, 4, 9],
			"rotation": {"angle": 0, "axis": "y", "origin": [8, 2, 8]},
			"faces": {
				"north": {"uv": [7.5, 0.5, 8, 1.5], "texture": "#0"},
				"east": {"uv": [6, 0.5, 6.5, 1.5], "texture": "#0"},
				"south": {"uv": [6.5, 0, 7, 0.5], "texture": "#0"},
				"west": {"uv": [6.5, 0.5, 7, 1.5], "texture": "#0"},
				"up": {"uv": [7, 0, 7.5, 0.5], "texture": "#0"},
				"down": {"uv": [6.5, 0, 7, 0.5], "texture": "#0"}
			}
		}
	],
	"display": {
		"thirdperson_righthand": {
			"translation": [0, 4.5, 0]
		},
		"thirdperson_lefthand": {
			"translation": [0, 4.5, 0]
		},
		"firstperson_righthand": {
			"rotation": [0, 60, 0],
			"translation": [3.75, 6.25, 0]
		},
		"firstperson_lefthand": {
			"rotation": [0, 60, 0],
			"translation": [3.75, 6.25, 0]
		},
		"ground": {
			"translation": [0, 5, 0]
		},
		"gui": {
			"rotation": [30, 60, 0],
			"translation": [0, 10.75, 0],
			"scale": [2.26, 2.26, 2.26]
		},
		"head": {
			"translation": [0, 2, -7.25],
			"scale": [1.28, 1.28, 1.28]
		},
		"fixed": {
			"translation": [0, 9.75, 0],
			"scale": [2.02, 2.02, 2.02]
		}
	}
}