{
	"credit": "Made with Blockbench",
	"texture_size": [64, 32],
	"textures": {
		"0": "blockbench/wolf"
	},
	"elements": [
		{
			"name": "head",
			"from": [5, 7.5, -3],
			"to": [11, 13.5, 1],
			"faces": {
				"north": {"uv": [1, 2, 2.5, 5], "texture": "#0"},
				"east": {"uv": [0, 2, 1, 5], "texture": "#0"},
				"south": {"uv": [3.5, 2, 5, 5], "texture": "#0"},
				"west": {"uv": [2.5, 2, 3.5, 5], "texture": "#0"},
				"up": {"uv": [2.5, 2, 1, 0], "texture": "#0"},
				"down": {"uv": [4, 0, 2.5, 2], "texture": "#0"}
			}
		},
		{
			"name": "head",
			"from": [5, 13.5, -1],
			"to": [7, 15.5, 0],
			"faces": {
				"north": {"uv": [4.25, 7.5, 4.75, 8.5], "texture": "#0"},
				"east": {"uv": [4, 7.5, 4.25, 8.5], "texture": "#0"},
				"south": {"uv": [5, 7.5, 5.5, 8.5], "texture": "#0"},
				"west": {"uv": [4.75, 7.5, 5, 8.5], "texture": "#0"},
				"up": {"uv": [4.75, 7.5, 4.25, 7], "texture": "#0"},
				"down": {"uv": [5.25, 7, 4.75, 7.5], "texture": "#0"}
			}
		},
		{
			"name": "head",
			"from": [9, 13.5, -1],
			"to": [11, 15.5, 0],
			"faces": {
				"north": {"uv": [4.25, 7.5, 4.75, 8.5], "texture": "#0"},
				"east": {"uv": [4, 7.5, 4.25, 8.5], "texture": "#0"},
				"south": {"uv": [5, 7.5, 5.5, 8.5], "texture": "#0"},
				"west": {"uv": [4.75, 7.5, 5, 8.5], "texture": "#0"},
				"up": {"uv": [4.75, 7.5, 4.25, 7], "texture": "#0"},
				"down": {"uv": [5.25, 7, 4.75, 7.5], "texture": "#0"}
			}
		},
		{
			"name": "head",
			"from": [6.5, 7.52, -6],
			"to": [9.5, 10.52, -2],
			"faces": {
				"north": {"uv": [1, 7, 1.75, 8.5], "texture": "#0"},
				"east": {"uv": [0, 7, 1, 8.5], "texture": "#0"},
				"south": {"uv": [2.75, 7, 3.5, 8.5], "texture": "#0"},
				"west": {"uv": [1.75, 7, 2.75, 8.5], "texture": "#0"},
				"up": {"uv": [1.75, 7, 1, 5], "texture": "#0"},
				"down": {"uv": [2.5, 5, 1.75, 7], "texture": "#0"}
			}
		},
		{
			"name": "body",
			"from": [5, 7.5, 6.5],
			"to": [11, 13.5, 15.5],
			"rotation": {"angle": 0, "axis": "x", "origin": [8, 7.5, 8]},
			"faces": {
				"north": {"uv": [9, 10, 7.5, 7], "rotation": 180, "texture": "#0"},
				"east": {"uv": [4.5, 10, 6, 14.5], "rotation": 90, "texture": "#0"},
				"south": {"uv": [9, 7, 7.5, 10], "texture": "#0"},
				"west": {"uv": [7.5, 10, 9, 14.5], "rotation": 270, "texture": "#0"},
				"up": {"uv": [9, 10, 10.5, 14.5], "texture": "#0"},
				"down": {"uv": [6, 10, 7.5, 14.5], "rotation": 180, "texture": "#0"}
			}
		},
		{
			"name": "mane",
			"from": [4, 7.5, 0.5],
			"to": [12, 14.5, 6.5],
			"rotation": {"angle": 0, "axis": "x", "origin": [8, 11, 3.5]},
			"faces": {
				"north": {"uv": [9, 3.5, 7, 0], "rotation": 180, "texture": "#0"},
				"east": {"uv": [5.25, 3.5, 7, 6.5], "rotation": 90, "texture": "#0"},
				"south": {"uv": [11, 0, 9, 3.5], "texture": "#0"},
				"west": {"uv": [9, 3.5, 10.75, 6.5], "rotation": 270, "texture": "#0"},
				"up": {"uv": [10.75, 3.5, 12.75, 6.5], "texture": "#0"},
				"down": {"uv": [7, 3.5, 9, 6.5], "rotation": 180, "texture": "#0"}
			}
		},
		{
			"name": "leg1",
			"from": [9.5, 7, 10],
			"to": [11.5, 9, 18],
			"rotation": {"angle": 22.5, "axis": "y", "origin": [9.5, 4, 13]},
			"faces": {
				"north": {"uv": [1, 13.5, 0.5, 12.5], "texture": "#0"},
				"east": {"uv": [0, 10, 0.5, 14], "rotation": 90, "texture": "#0"},
				"south": {"uv": [1.5, 9, 1, 10], "texture": "#0"},
				"west": {"uv": [1, 10, 1.5, 14], "rotation": 270, "texture": "#0"},
				"up": {"uv": [1.5, 10, 2, 14], "texture": "#0"},
				"down": {"uv": [0.5, 10, 1, 14], "rotation": 180, "texture": "#0"}
			}
		},
		{
			"name": "leg2",
			"from": [4.5, 7, 10],
			"to": [6.5, 9, 18],
			"rotation": {"angle": -22.5, "axis": "y", "origin": [6.5, 4, 13]},
			"faces": {
				"north": {"uv": [1, 13.5, 0.5, 12.5], "texture": "#0"},
				"east": {"uv": [0, 10, 0.5, 14], "rotation": 90, "texture": "#0"},
				"south": {"uv": [1.5, 9, 1, 10], "texture": "#0"},
				"west": {"uv": [1, 10, 1.5, 14], "rotation": 270, "texture": "#0"},
				"up": {"uv": [1.5, 10, 2, 14], "texture": "#0"},
				"down": {"uv": [0.5, 10, 1, 14], "rotation": 180, "texture": "#0"}
			}
		},
		{
			"name": "leg3",
			"from": [8.5, 7, -5],
			"to": [10.5, 9, 3],
			"rotation": {"angle": -45, "axis": "y", "origin": [9.5, 4, 2]},
			"faces": {
				"north": {"uv": [1.5, 9, 1, 10], "rotation": 180, "texture": "#0"},
				"east": {"uv": [0, 10, 0.5, 14], "rotation": 270, "texture": "#0"},
				"south": {"uv": [1, 10, 0.5, 9], "texture": "#0"},
				"west": {"uv": [1, 10, 1.5, 14], "rotation": 90, "texture": "#0"},
				"up": {"uv": [0.5, 10, 1, 14], "rotation": 180, "texture": "#0"},
				"down": {"uv": [1.5, 10, 2, 14], "texture": "#0"}
			}
		},
		{
			"name": "leg4",
			"from": [3.37868, 7, -4.12132],
			"to": [5.37868, 9, 3.87868],
			"rotation": {"angle": 22.5, "axis": "y", "origin": [4.37868, 7, -0.12132]},
			"faces": {
				"north": {"uv": [1.5, 9, 1, 10], "rotation": 180, "texture": "#0"},
				"east": {"uv": [0, 10, 0.5, 14], "rotation": 270, "texture": "#0"},
				"south": {"uv": [1, 10, 0.5, 9], "texture": "#0"},
				"west": {"uv": [1, 10, 1.5, 14], "rotation": 90, "texture": "#0"},
				"up": {"uv": [0.5, 10, 1, 14], "rotation": 180, "texture": "#0"},
				"down": {"uv": [1.5, 10, 2, 14], "texture": "#0"}
			}
		},
		{
			"name": "tail",
			"from": [7, 4, 17],
			"to": [9, 12, 19],
			"rotation": {"angle": -45, "axis": "x", "origin": [8, 8, 16]},
			"faces": {
				"north": {"uv": [2.75, 10, 3.25, 14], "texture": "#0"},
				"east": {"uv": [2.25, 10, 2.75, 14], "texture": "#0"},
				"south": {"uv": [3.75, 10, 4.25, 14], "texture": "#0"},
				"west": {"uv": [3.25, 10, 3.75, 14], "texture": "#0"},
				"up": {"uv": [3.75, 10, 3.25, 9], "texture": "#0"},
				"down": {"uv": [3.75, 9, 3.25, 10], "texture": "#0"}
			}
		}
	],
	"display": {
		"thirdperson_righthand": {
			"rotation": [91, 0, 0],
			"translation": [0, -0.75, -2.75],
			"scale": [0.5, 0.5, 0.5]
		},
		"thirdperson_lefthand": {
			"rotation": [91, 0, 0],
			"translation": [0, -0.75, -2.75],
			"scale": [0.5, 0.5, 0.5]
		},
		"firstperson_righthand": {
			"rotation": [0, 99, 0],
			"translation": [6.25, 2, 0],
			"scale": [0.64, 0.64, 0.64]
		},
		"firstperson_lefthand": {
			"rotation": [0, 99, 0],
			"translation": [6.25, 2, 0],
			"scale": [0.64, 0.64, 0.64]
		},
		"ground": {
			"translation": [0, -3, 0],
			"scale": [0.64, 0.64, 0.64]
		},
		"gui": {
			"rotation": [8, 150, 0],
			"translation": [0.75, -2.25, 0],
			"scale": [0.7, 0.7, 0.7]
		},
		"head": {
			"translation": [0, 7, 1.25]
		},
		"fixed": {
			"rotation": [6, 76, -16],
			"translation": [0, 0, -2],
			"scale": [0.8, 0.8, 0.8]
		}
	},
	"groups": [
		{
			"name": "head",
			"origin": [-1, 10.5, -7],
			"color": 0,
			"children": [0, 1, 2, 3]
		},
		{
			"name": "body",
			"origin": [0, 10, 2],
			"color": 0,
			"children": [4]
		},
		{
			"name": "mane",
			"origin": [-1, 10, 2],
			"color": 0,
			"children": [5]
		},
		{
			"name": "leg1",
			"origin": [-2.5, 8, 7],
			"color": 0,
			"children": [6]
		},
		{
			"name": "leg2",
			"origin": [0.5, 8, 7],
			"color": 0,
			"children": [7]
		},
		{
			"name": "leg3",
			"origin": [-2.5, 8, -4],
			"color": 0,
			"children": [8]
		},
		{
			"name": "leg4",
			"origin": [0.5, 8, -4],
			"color": 0,
			"children": [9]
		},
		{
			"name": "tail",
			"origin": [-1, 12, 10],
			"color": 0,
			"children": [10]
		}
	]
}