{
	"credit": "Made with Blockbench",
	"parent": "carved_pumpkin",
	"textures": {
		"0": "./blockbench/celestial_witch_hat",
		"1": "./blockbench/cwh_star_accessory",
		"particle": "./blockbench/celestial_witch_hat"
	},
	"elements": [
		{
			"name": "band",
			"from": [3.75, 1, 3.75],
			"to": [12.25, 3.5, 12.25],
			"faces": {
				"north": {"uv": [7.5, 5.5, 9.75, 6.25], "texture": "#0"},
				"east": {"uv": [7, 7.5, 9.25, 8.25], "texture": "#0"},
				"south": {"uv": [7.75, 3.25, 10, 4], "texture": "#0"},
				"west": {"uv": [3.5, 7.75, 5.75, 8.5], "texture": "#0"},
				"up": {"uv": [5.75, 2.25, 3.5, 0], "texture": "#0"},
				"down": {"uv": [5.75, 2.25, 3.5, 4.5], "texture": "#0"}
			}
		},
		{
			"from": [4.75, 1.5, 3],
			"to": [5.5, 3, 4.25],
			"rotation": {"angle": 22.5, "axis": "y", "origin": [5, 2.5, 3.5]},
			"faces": {
				"north": {"uv": [3, 0, 4, 2], "texture": "#1"},
				"east": {"uv": [3, 2, 4, 4], "texture": "#1"},
				"south": {"uv": [0, 4, 1, 6], "texture": "#1"},
				"west": {"uv": [4, 0, 5, 2], "texture": "#1"},
				"up": {"uv": [5, 5, 4, 4], "texture": "#1"},
				"down": {"uv": [6, 0, 5, 1], "texture": "#1"}
			}
		},
		{
			"from": [4, 3.75, 3],
			"to": [4.75, 4.75, 4.25],
			"rotation": {"angle": 22.5, "axis": "y", "origin": [5, 2.5, 3.5]},
			"faces": {
				"north": {"uv": [5, 1, 6, 2], "texture": "#1"},
				"east": {"uv": [5, 2, 6, 3], "texture": "#1"},
				"south": {"uv": [5, 3, 6, 4], "texture": "#1"},
				"west": {"uv": [4, 5, 5, 6], "texture": "#1"},
				"up": {"uv": [6, 5, 5, 4], "texture": "#1"},
				"down": {"uv": [6, 5, 5, 6], "texture": "#1"}
			}
		},
		{
			"from": [2.75, 3, 3],
			"to": [6, 3.75, 4.25],
			"rotation": {"angle": 22.5, "axis": "y", "origin": [5, 2.5, 3.5]},
			"faces": {
				"north": {"uv": [0, 0, 3, 1], "texture": "#1"},
				"east": {"uv": [0, 6, 1, 7], "texture": "#1"},
				"south": {"uv": [0, 1, 3, 2], "texture": "#1"},
				"west": {"uv": [6, 0, 7, 1], "texture": "#1"},
				"up": {"uv": [3, 3, 0, 2], "texture": "#1"},
				"down": {"uv": [3, 3, 0, 4], "texture": "#1"}
			}
		},
		{
			"from": [4, 2.5, 3],
			"to": [4.75, 3, 4.25],
			"rotation": {"angle": 22.5, "axis": "y", "origin": [5, 2.5, 3.5]},
			"faces": {
				"north": {"uv": [1, 6, 2, 7], "texture": "#1"},
				"east": {"uv": [6, 1, 7, 2], "texture": "#1"},
				"south": {"uv": [2, 6, 3, 7], "texture": "#1"},
				"west": {"uv": [6, 2, 7, 3], "texture": "#1"},
				"up": {"uv": [4, 7, 3, 6], "texture": "#1"},
				"down": {"uv": [7, 3, 6, 4], "texture": "#1"}
			}
		},
		{
			"from": [4.75, 3.75, 3],
			"to": [5.5, 4.25, 4.25],
			"rotation": {"angle": 22.5, "axis": "y", "origin": [5, 2.5, 3.5]},
			"faces": {
				"north": {"uv": [4, 6, 5, 7], "texture": "#1"},
				"east": {"uv": [6, 4, 7, 5], "texture": "#1"},
				"south": {"uv": [5, 6, 6, 7], "texture": "#1"},
				"west": {"uv": [6, 5, 7, 6], "texture": "#1"},
				"up": {"uv": [7, 7, 6, 6], "texture": "#1"},
				"down": {"uv": [1, 7, 0, 8], "texture": "#1"}
			}
		},
		{
			"from": [3.25, 3.75, 3],
			"to": [4, 4.25, 4.25],
			"rotation": {"angle": 22.5, "axis": "y", "origin": [5, 2.5, 3.5]},
			"faces": {
				"north": {"uv": [7, 0, 8, 1], "texture": "#1"},
				"east": {"uv": [1, 7, 2, 8], "texture": "#1"},
				"south": {"uv": [7, 1, 8, 2], "texture": "#1"},
				"west": {"uv": [2, 7, 3, 8], "texture": "#1"},
				"up": {"uv": [8, 3, 7, 2], "texture": "#1"},
				"down": {"uv": [4, 7, 3, 8], "texture": "#1"}
			}
		},
		{
			"from": [3.25, 1.5, 3],
			"to": [4, 3, 4.25],
			"rotation": {"angle": 22.5, "axis": "y", "origin": [5, 2.5, 3.5]},
			"faces": {
				"north": {"uv": [1, 4, 2, 6], "texture": "#1"},
				"east": {"uv": [2, 4, 3, 6], "texture": "#1"},
				"south": {"uv": [4, 2, 5, 4], "texture": "#1"},
				"west": {"uv": [3, 4, 4, 6], "texture": "#1"},
				"up": {"uv": [8, 4, 7, 3], "texture": "#1"},
				"down": {"uv": [5, 7, 4, 8], "texture": "#1"}
			}
		},
		{
			"from": [1, 0, 1],
			"to": [15, 2, 15],
			"faces": {
				"north": {"uv": [7.25, 2.25, 10.75, 2.75], "texture": "#0"},
				"east": {"uv": [7.25, 2.75, 10.75, 3.25], "texture": "#0"},
				"south": {"uv": [7.5, 4.5, 11, 5], "texture": "#0"},
				"west": {"uv": [7.5, 5, 11, 5.5], "texture": "#0"},
				"up": {"uv": [3.5, 3.5, 0, 0], "texture": "#0"},
				"down": {"uv": [3.5, 3.5, 0, 7], "texture": "#0"}
			}
		},
		{
			"from": [4, 2, 4],
			"to": [12, 6, 12],
			"rotation": {"angle": 0, "axis": "z", "origin": [8, 3, 8]},
			"faces": {
				"north": {"uv": [5.75, 3.5, 7.75, 4.5], "texture": "#0"},
				"east": {"uv": [0, 7, 2, 8], "texture": "#0"},
				"south": {"uv": [7, 6.5, 9, 7.5], "texture": "#0"},
				"west": {"uv": [7.25, 0, 9.25, 1], "texture": "#0"},
				"up": {"uv": [5.5, 6.5, 3.5, 4.5], "texture": "#0"},
				"down": {"uv": [7.5, 4.5, 5.5, 6.5], "texture": "#0"}
			}
		},
		{
			"from": [5, 4, 5.75],
			"to": [11, 9, 12.25],
			"rotation": {"angle": 22.5, "axis": "x", "origin": [8, 8, 9]},
			"faces": {
				"north": {"uv": [2, 7, 3.5, 8.25], "texture": "#0"},
				"east": {"uv": [3.5, 6.5, 5.25, 7.75], "texture": "#0"},
				"south": {"uv": [7.25, 1, 8.75, 2.25], "texture": "#0"},
				"west": {"uv": [5.25, 6.5, 7, 7.75], "texture": "#0"},
				"up": {"uv": [7.25, 1.75, 5.75, 0], "texture": "#0"},
				"down": {"uv": [7.25, 1.75, 5.75, 3.5], "texture": "#0"}
			}
		},
		{
			"from": [6, 7.72354, 8.13984],
			"to": [10, 11.47354, 13.13984],
			"rotation": {"angle": 45, "axis": "x", "origin": [8, 10.09854, 10.13984]},
			"faces": {
				"north": {"uv": [7, 8.25, 8, 9.25], "texture": "#0"},
				"east": {"uv": [5.75, 7.75, 7, 8.75], "texture": "#0"},
				"south": {"uv": [8, 8.25, 9, 9.25], "texture": "#0"},
				"west": {"uv": [0, 8, 1.25, 9], "texture": "#0"},
				"up": {"uv": [2.25, 9.5, 1.25, 8.25], "texture": "#0"},
				"down": {"uv": [3.25, 8.25, 2.25, 9.5], "texture": "#0"}
			}
		},
		{
			"from": [6.75, 9.37887, 11.06294],
			"to": [9.25, 12.12887, 14.31294],
			"rotation": {"angle": -22.5, "axis": "x", "origin": [8, 10.62887, 12.43794]},
			"faces": {
				"north": {"uv": [3.25, 8.5, 4, 9.25], "texture": "#0"},
				"east": {"uv": [4, 8.5, 4.75, 9.25], "texture": "#0"},
				"south": {"uv": [4.75, 8.5, 5.5, 9.25], "texture": "#0"},
				"west": {"uv": [8.75, 1, 9.5, 1.75], "texture": "#0"},
				"up": {"uv": [6.25, 9.5, 5.5, 8.75], "texture": "#0"},
				"down": {"uv": [7, 8.75, 6.25, 9.5], "texture": "#0"}
			}
		},
		{
			"from": [7.25, 10.05678, 13.47782],
			"to": [8.75, 11.55678, 16.22782],
			"rotation": {"angle": 22.5, "axis": "x", "origin": [8, 10.80678, 14.72782]},
			"faces": {
				"north": {"uv": [9, 8.75, 9.5, 9.25], "texture": "#0"},
				"east": {"uv": [8.75, 4, 9.5, 4.5], "texture": "#0"},
				"south": {"uv": [9.25, 0, 9.75, 0.5], "texture": "#0"},
				"west": {"uv": [0, 9, 0.75, 9.5], "texture": "#0"},
				"up": {"uv": [1.25, 9.75, 0.75, 9], "texture": "#0"},
				"down": {"uv": [9.5, 6.25, 9, 7], "texture": "#0"}
			}
		},
		{
			"from": [7.5, 8.25, 15],
			"to": [8.5, 9, 16.75],
			"rotation": {"angle": 22.5, "axis": "x", "origin": [8, 8.5, 15.625]},
			"faces": {
				"north": {"uv": [3.25, 8.25, 3.5, 8.5], "texture": "#0"},
				"east": {"uv": [7.25, 3.25, 7.75, 3.5], "texture": "#0"},
				"south": {"uv": [5.5, 8.5, 5.75, 8.75], "texture": "#0"},
				"west": {"uv": [8.5, 6.25, 9, 6.5], "texture": "#0"},
				"up": {"uv": [5.5, 9.75, 5.25, 9.25], "texture": "#0"},
				"down": {"uv": [9.5, 7.5, 9.25, 8], "texture": "#0"}
			}
		},
		{
			"from": [7.5, 5.75, 15.5],
			"to": [8.5, 6.5, 17],
			"rotation": {"angle": -22.5, "axis": "x", "origin": [8, 5.625, 15.625]},
			"faces": {
				"north": {"uv": [9.5, 6.75, 9.75, 7], "texture": "#0"},
				"east": {"uv": [8, 9.25, 8.5, 9.5], "texture": "#0"},
				"south": {"uv": [8.25, 9.5, 8.5, 9.75], "texture": "#0"},
				"west": {"uv": [9.25, 8, 9.75, 8.25], "texture": "#0"},
				"up": {"uv": [8.75, 9.75, 8.5, 9.25], "texture": "#0"},
				"down": {"uv": [9, 9.25, 8.75, 9.75], "texture": "#0"}
			}
		},
		{
			"from": [7.5, 6.25, 16.25],
			"to": [8.5, 8.5, 17],
			"rotation": {"angle": 0, "axis": "y", "origin": [0, -1, 0]},
			"faces": {
				"north": {"uv": [9, 9.25, 9.25, 9.75], "texture": "#0"},
				"east": {"uv": [9.25, 9.25, 9.5, 9.75], "texture": "#0"},
				"south": {"uv": [0, 9.5, 0.25, 10], "texture": "#0"},
				"west": {"uv": [0.25, 9.5, 0.5, 10], "texture": "#0"},
				"up": {"uv": [9.75, 9, 9.5, 8.75], "texture": "#0"},
				"down": {"uv": [9.75, 9, 9.5, 9.25], "texture": "#0"}
			}
		},
		{
			"from": [8, 8.75, 15.75],
			"to": [8, 10.25, 16],
			"rotation": {"angle": 0, "axis": "y", "origin": [0, -1, 0]},
			"faces": {
				"north": {"uv": [0, 0, 0, 0.5], "texture": "#0"},
				"east": {"uv": [0.5, 9.5, 0.75, 10], "texture": "#0"},
				"south": {"uv": [0, 0, 0, 0.5], "texture": "#0"},
				"west": {"uv": [9.5, 1, 9.75, 1.5], "texture": "#0"},
				"up": {"uv": [0, 0.25, 0, 0], "texture": "#0"},
				"down": {"uv": [0, 0, 0, 0.25], "texture": "#0"}
			}
		}
	],
	"display": {
		"ground": {
			"translation": [0, 4.25, 0]
		},
		"gui": {
			"rotation": [-167.25, 52.75, 180],
			"translation": [0, 1.75, 0]
		},
		"head": {
			"rotation": [11, 0, 0],
			"translation": [0, 15, 2.5],
			"scale": [1.8, 1.8, 1.8]
		}
	},
	"groups": [
		0,
		{
			"name": "star accessory",
			"origin": [5, 2.5, 3.5],
			"color": 0,
			"children": [1, 2, 3, 4, 5, 6, 7]
		},
		{
			"name": "witch hat",
			"origin": [8, 10.80678, 14.72782],
			"color": 0,
			"children": [8, 9, 10, 11, 12, 13]
		},
		{
			"name": "hanging moon",
			"origin": [0, -1, 0],
			"color": 0,
			"children": [14, 15, 16, 17]
		}
	]
}