{
	"credit": "Made with Blockbench",
	"textures": {
		"0": "blockbench/b9cbf703a02bc8f69cc4db0f7753769214850fa6bd9007676a3209b5c2a4f1bc",
		"particle": "blockbench/b9cbf703a02bc8f69cc4db0f7753769214850fa6bd9007676a3209b5c2a4f1bc"
	},
	"elements": [
		{
			"name": "head",
			"from": [4, 1, 4],
			"to": [12, 9, 12],
			"rotation": {"angle": 0, "axis": "y", "origin": [8, 4.5, 8]},
			"faces": {
				"north": {"uv": [2, 2, 4, 4], "texture": "#0"},
				"east": {"uv": [0, 2, 2, 4], "texture": "#0"},
				"south": {"uv": [6, 2, 8, 4], "texture": "#0"},
				"west": {"uv": [4, 2, 6, 4], "texture": "#0"},
				"up": {"uv": [4, 2, 2, 0], "texture": "#0"},
				"down": {"uv": [6, 0, 4, 2], "texture": "#0"}
			}
		},
		{
			"name": "head_2nd_layer",
			"from": [3.5, 0.5, 3.5],
			"to": [12.5, 9.5, 12.5],
			"rotation": {"angle": 0, "axis": "y", "origin": [8, 4.5, 8]},
			"faces": {
				"north": {"uv": [10, 2, 12, 4], "texture": "#0"},
				"east": {"uv": [8, 2, 10, 4], "texture": "#0"},
				"south": {"uv": [14, 2, 16, 4], "texture": "#0"},
				"west": {"uv": [12, 2, 14, 4], "texture": "#0"},
				"up": {"uv": [12, 2, 10, 0], "texture": "#0"},
				"down": {"uv": [14, 0, 12, 2], "texture": "#0"}
			}
		},
		{
			"name": "Noise",
			"from": [6, 3, 3.5],
			"to": [7, 4, 4.5],
			"faces": {
				"north": {"uv": [3.25, 3.25, 3.5, 3.5], "texture": "#0"},
				"east": {"uv": [3.25, 3.25, 3.5, 3.5], "texture": "#0"},
				"south": {"uv": [3.25, 3.25, 3.5, 3.5], "texture": "#0"},
				"west": {"uv": [3.25, 3.25, 3.5, 3.5], "texture": "#0"},
				"up": {"uv": [3.25, 3.25, 3.5, 3.5], "texture": "#0"},
				"down": {"uv": [3.25, 3.25, 3.5, 3.5], "texture": "#0"}
			}
		},
		{
			"from": [5, 0, 5],
			"to": [6, 1, 6],
			"faces": {
				"north": {"uv": [4, 15.5, 4.25, 15.75], "texture": "#0"},
				"east": {"uv": [4, 15.5, 4.25, 15.75], "texture": "#0"},
				"south": {"uv": [4, 15.5, 4.25, 15.75], "texture": "#0"},
				"west": {"uv": [4, 15.5, 4.25, 15.75], "texture": "#0"},
				"up": {"uv": [4, 15.5, 4.25, 15.75], "texture": "#0"},
				"down": {"uv": [4, 15.5, 4.25, 15.75], "texture": "#0"}
			}
		},
		{
			"from": [10, 0, 5],
			"to": [11, 1, 6],
			"faces": {
				"north": {"uv": [4, 15.5, 4.25, 15.75], "texture": "#0"},
				"east": {"uv": [4, 15.5, 4.25, 15.75], "texture": "#0"},
				"south": {"uv": [4, 15.5, 4.25, 15.75], "texture": "#0"},
				"west": {"uv": [4, 15.5, 4.25, 15.75], "texture": "#0"},
				"up": {"uv": [4, 15.5, 4.25, 15.75], "texture": "#0"},
				"down": {"uv": [4, 15.5, 4.25, 15.75], "texture": "#0"}
			}
		},
		{
			"from": [5, 0, 9],
			"to": [6, 1, 10],
			"faces": {
				"north": {"uv": [4, 15.5, 4.25, 15.75], "texture": "#0"},
				"east": {"uv": [4, 15.5, 4.25, 15.75], "texture": "#0"},
				"south": {"uv": [4, 15.5, 4.25, 15.75], "texture": "#0"},
				"west": {"uv": [4, 15.5, 4.25, 15.75], "texture": "#0"},
				"up": {"uv": [4, 15.5, 4.25, 15.75], "texture": "#0"},
				"down": {"uv": [4, 15.5, 4.25, 15.75], "texture": "#0"}
			}
		},
		{
			"from": [10, 0, 9],
			"to": [11, 1, 10],
			"faces": {
				"north": {"uv": [4, 15.5, 4.25, 15.75], "texture": "#0"},
				"east": {"uv": [4, 15.5, 4.25, 15.75], "texture": "#0"},
				"south": {"uv": [4, 15.5, 4.25, 15.75], "texture": "#0"},
				"west": {"uv": [4, 15.5, 4.25, 15.75], "texture": "#0"},
				"up": {"uv": [4, 15.5, 4.25, 15.75], "texture": "#0"},
				"down": {"uv": [4, 15.5, 4.25, 15.75], "texture": "#0"}
			}
		}
	],
	"display": {
		"thirdperson_righthand": {
			"translation": [0, 0, -2],
			"scale": [0.5, 0.5, 0.5]
		},
		"thirdperson_lefthand": {
			"translation": [0, 0, -2],
			"scale": [0.5, 0.5, 0.5]
		},
		"ground": {
			"translation": [0, 0.75, 0],
			"scale": [0.64, 0.64, 0.64]
		},
		"gui": {
			"rotation": [12, 148, 0],
			"translation": [0, 2, 0]
		},
		"head": {
			"rotation": [0, 1, 0],
			"translation": [0, 14.25, 0]
		},
		"fixed": {
			"translation": [0, 3, 0]
		}
	},
	"groups": [
		{
			"name": "steve",
			"origin": [8, 8, 8],
			"color": 0,
			"children": [0, 1, 2]
		},
		3,
		4,
		5,
		6
	]
}