{
	"credit": "Made with Blockbench",
	"texture_size": [64, 64],
	"textures": {
		"0": "blockbench/mushroom",
		"particle": "blockbench/mushroom"
	},
	"elements": [
		{
			"name": "head",
			"from": [4.00242, 3.5, 4.00242],
			"to": [12.00242, 10.5, 12.00242],
			"rotation": {"angle": 0, "axis": "y", "origin": [8, 7.49652, 8.00242]},
			"faces": {
				"north": {"uv": [2, 2.25, 4, 4], "texture": "#0"},
				"east": {"uv": [0, 2.25, 2, 4], "texture": "#0"},
				"south": {"uv": [4, 2.25, 6, 4], "texture": "#0"},
				"west": {"uv": [6, 2.25, 8, 4], "texture": "#0"},
				"up": {"uv": [2, 1, 1, 0], "rotation": 90, "texture": "#0"},
				"down": {"uv": [4, 0, 2, 2], "rotation": 270, "texture": "#0"}
			}
		},
		{
			"name": "Cap",
			"from": [3.40242, 6.4, 3.50242],
			"to": [12.50242, 11.4, 12.50242],
			"rotation": {"angle": 0, "axis": "y", "origin": [8, 7.49652, 8.00242]},
			"faces": {
				"north": {"uv": [14, 2.25, 15.75, 3.25], "texture": "#0"},
				"east": {"uv": [12, 2.25, 13.75, 3.25], "texture": "#0"},
				"south": {"uv": [8, 2.25, 9.75, 3.25], "texture": "#0"},
				"west": {"uv": [10, 2.25, 11.75, 3.25], "texture": "#0"},
				"up": {"uv": [11.75, 1.75, 10.25, 0.25], "rotation": 90, "texture": "#0"},
				"down": {"uv": [3.375, 1.1375, 2.25, 2.2625], "rotation": 270, "texture": "#0"}
			}
		},
		{
			"name": "L",
			"from": [11.40242, 11.4, 4.60242],
			"to": [12.50242, 12.4, 11.40242],
			"rotation": {"angle": 0, "axis": "y", "origin": [8, 7.49652, 8.00242]},
			"faces": {
				"north": {"uv": [10.75, 3, 10.875, 3.125], "texture": "#0"},
				"east": {"uv": [10, 0.25, 10.25, 1.75], "rotation": 90, "texture": "#0"},
				"south": {"uv": [9.75, 2.5, 9.875, 2.625], "texture": "#0"},
				"west": {"uv": [1, 0.2625, 1.75, 0.3875], "texture": "#0"},
				"up": {"uv": [10.25, 0.25, 10, 1.75], "texture": "#0"},
				"down": {"uv": [1.625, 0.1375, 0.875, 0.2625], "rotation": 270, "texture": "#0"}
			}
		},
		{
			"name": "Mid",
			"from": [4.60242, 11.4, 3.50242],
			"to": [11.40242, 12.4, 12.50242],
			"rotation": {"angle": 0, "axis": "y", "origin": [8, 7.49652, 8.00242]},
			"faces": {
				"north": {"uv": [10.25, 1.75, 11.75, 2], "texture": "#0"},
				"east": {"uv": [10.125, 3, 11.25, 3.125], "texture": "#0"},
				"south": {"uv": [9.375, 3, 10.125, 3.125], "texture": "#0"},
				"west": {"uv": [10.25, 1.75, 11.75, 2], "rotation": 180, "texture": "#0"},
				"up": {"uv": [11.75, 2, 10.25, 0], "texture": "#0"},
				"down": {"uv": [12.375, 2.25, 11.25, 3], "texture": "#0"}
			}
		},
		{
			"name": "R",
			"from": [3.40242, 11.4, 4.60242],
			"to": [4.60242, 12.4, 11.40242],
			"rotation": {"angle": 0, "axis": "y", "origin": [8, 7.49652, 8.00242]},
			"faces": {
				"north": {"uv": [11, 1.75, 11.25, 2], "texture": "#0"},
				"east": {"uv": [0.125, 0.275, 0.875, 0.4], "texture": "#0"},
				"south": {"uv": [10.5, 1.75, 10.625, 1.875], "texture": "#0"},
				"west": {"uv": [11.75, 0.25, 12, 1.75], "rotation": 90, "texture": "#0"},
				"up": {"uv": [12, 0.25, 11.75, 1.75], "rotation": 180, "texture": "#0"},
				"down": {"uv": [1.625, 0.15, 0.875, 0.275], "rotation": 270, "texture": "#0"}
			}
		},
		{
			"name": "ArmL",
			"from": [10.5, 1.8687, 7.00242],
			"to": [11.5, 5.8687, 9.00242],
			"rotation": {"angle": 22.5, "axis": "z", "origin": [8, 7.49652, 8.00242]},
			"faces": {
				"north": {"uv": [5, 3, 5.25, 4], "texture": "#0"},
				"east": {"uv": [4.25, 3, 4.75, 4], "texture": "#0"},
				"south": {"uv": [4.5, 3, 4.75, 4], "texture": "#0"},
				"west": {"uv": [4.75, 3, 5.25, 4], "texture": "#0"},
				"up": {"uv": [4.25, 3, 4.75, 3.25], "rotation": 90, "texture": "#0"},
				"down": {"uv": [4.5, 3.75, 5, 4], "rotation": 270, "texture": "#0"}
			}
		},
		{
			"name": "ArmR",
			"from": [4.5, 1.86868, 7.00242],
			"to": [5.5, 5.86868, 9.00242],
			"rotation": {"angle": -22.5, "axis": "z", "origin": [8, 7.49652, 8.00242]},
			"faces": {
				"north": {"uv": [4.75, 3, 5, 4], "texture": "#0"},
				"east": {"uv": [4.25, 3, 4.75, 4], "texture": "#0"},
				"south": {"uv": [4.5, 3, 4.75, 4], "texture": "#0"},
				"west": {"uv": [4.5, 3, 5, 4], "texture": "#0"},
				"up": {"uv": [4.5, 3, 5, 3.25], "rotation": 90, "texture": "#0"},
				"down": {"uv": [4.5, 3.75, 5, 4], "rotation": 270, "texture": "#0"}
			}
		},
		{
			"name": "LegR",
			"from": [5.00242, 2, 7.00242],
			"to": [7.00242, 4, 9.00242],
			"rotation": {"angle": 0, "axis": "y", "origin": [8, 7.49652, 8.00242]},
			"faces": {
				"north": {"uv": [5.5, 3, 5.75, 4], "texture": "#0"},
				"east": {"uv": [4.25, 3, 4.75, 4], "texture": "#0"},
				"south": {"uv": [4.5, 3, 4.75, 4], "texture": "#0"},
				"west": {"uv": [4.5, 3, 5, 4], "texture": "#0"},
				"up": {"uv": [4.5, 3, 5, 3.25], "rotation": 90, "texture": "#0"},
				"down": {"uv": [4.5, 3.75, 5, 4], "rotation": 270, "texture": "#0"}
			}
		},
		{
			"name": "LegL",
			"from": [9.00242, 2, 7.00242],
			"to": [11.00242, 4, 9.00242],
			"rotation": {"angle": 0, "axis": "y", "origin": [8, 7.49652, 8.00242]},
			"faces": {
				"north": {"uv": [5.5, 3, 5.75, 4], "texture": "#0"},
				"east": {"uv": [4.25, 3, 4.75, 4], "texture": "#0"},
				"south": {"uv": [4.5, 3, 4.75, 4], "texture": "#0"},
				"west": {"uv": [4.5, 3, 5, 4], "texture": "#0"},
				"up": {"uv": [4.5, 3, 5, 3.25], "rotation": 90, "texture": "#0"},
				"down": {"uv": [4.5, 3.75, 5, 4], "rotation": 270, "texture": "#0"}
			}
		}
	],
	"display": {
		"thirdperson_righthand": {
			"translation": [0, -1.75, 0],
			"scale": [0.4, 0.4, 0.4]
		},
		"thirdperson_lefthand": {
			"translation": [0, -1.75, 0],
			"scale": [0.4, 0.4, 0.4]
		},
		"firstperson_righthand": {
			"translation": [3, 0, 0],
			"scale": [0.4, 0.4, 0.4]
		},
		"firstperson_lefthand": {
			"translation": [3, 0, 0],
			"scale": [0.4, 0.4, 0.4]
		},
		"ground": {
			"scale": [0.6, 0.6, 0.6]
		},
		"gui": {
			"rotation": [6, 168, 4]
		},
		"head": {
			"translation": [0, 12.25, 0]
		}
	},
	"groups": [
		{
			"name": "Mushroom",
			"origin": [0, 0, 0],
			"color": 0,
			"children": [
				0,
				1,
				{
					"name": "top",
					"origin": [8, 11.9, 8],
					"color": 0,
					"children": [2, 3, 4]
				},
				5,
				6,
				7,
				8
			]
		}
	]
}