{
	"credit": "Made with Blockbench",
	"textures": {
		"1": "blockbench/ironbucketb",
		"2": "blockbench/water_axo",
		"particle": "blockbench/water_axo"
	},
	"elements": [
		{
			"name": "FaLL",
			"from": [8, 1, 3.9],
			"to": [9, 15, 8.1],
			"rotation": {"angle": 0, "axis": "y", "origin": [10.34, -9.62, 5.06]},
			"faces": {
				"north": {"uv": [0.25, 0.25, 0.75, 0.75], "texture": "#2"},
				"east": {"uv": [12, 14, 13, 15], "texture": "#2"},
				"south": {"uv": [5, 2, 6, 3], "texture": "#2"},
				"west": {"uv": [6, 0, 12, 16], "texture": "#2"},
				"up": {"uv": [0, 0, 1, 1], "texture": "#2"},
				"down": {"uv": [11, 8, 11.5, 8.5], "texture": "#2"}
			}
		},
		{
			"name": "voxel",
			"from": [4, 3, 1],
			"to": [5, 4, 2],
			"rotation": {"angle": 0, "axis": "y", "origin": [10.34, -9.62, 5.06]},
			"faces": {
				"north": {"uv": [0.25, 0.25, 0.75, 0.75], "texture": "#2"},
				"east": {"uv": [12, 14, 13, 15], "texture": "#2"},
				"south": {"uv": [5, 2, 6, 3], "texture": "#2"},
				"west": {"uv": [6, 2, 7, 3], "texture": "#2"},
				"up": {"uv": [0, 0, 1, 1], "texture": "#2"},
				"down": {"uv": [11, 8, 11.5, 8.5], "texture": "#2"}
			}
		},
		{
			"name": "voxel",
			"from": [4, 2, 11],
			"to": [5, 3, 12],
			"rotation": {"angle": 0, "axis": "y", "origin": [10.34, -9.62, 5.06]},
			"faces": {
				"north": {"uv": [0.25, 0.25, 0.75, 0.75], "texture": "#2"},
				"east": {"uv": [12, 14, 13, 15], "texture": "#2"},
				"south": {"uv": [5, 2, 6, 3], "texture": "#2"},
				"west": {"uv": [6, 2, 7, 3], "texture": "#2"},
				"up": {"uv": [0, 0, 1, 1], "texture": "#2"},
				"down": {"uv": [11, 8, 11.5, 8.5], "texture": "#2"}
			}
		},
		{
			"name": "voxel",
			"from": [12, 2, 10],
			"to": [13, 3, 11],
			"rotation": {"angle": 0, "axis": "y", "origin": [10.34, -9.62, 5.06]},
			"faces": {
				"north": {"uv": [0.25, 0.25, 0.75, 0.75], "texture": "#2"},
				"east": {"uv": [12, 14, 13, 15], "texture": "#2"},
				"south": {"uv": [5, 2, 6, 3], "texture": "#2"},
				"west": {"uv": [6, 2, 7, 3], "texture": "#2"},
				"up": {"uv": [0, 0, 1, 1], "texture": "#2"},
				"down": {"uv": [11, 8, 11.5, 8.5], "texture": "#2"}
			}
		},
		{
			"name": "voxel",
			"from": [12, 2, 9],
			"to": [14, 3, 10],
			"rotation": {"angle": 0, "axis": "y", "origin": [10.34, -9.62, 5.06]},
			"faces": {
				"north": {"uv": [0.25, 0.25, 0.75, 0.75], "texture": "#2"},
				"east": {"uv": [12, 14, 13, 15], "texture": "#2"},
				"south": {"uv": [5, 2, 6, 3], "texture": "#2"},
				"west": {"uv": [6, 2, 7, 3], "texture": "#2"},
				"up": {"uv": [0, 0, 1, 1], "texture": "#2"},
				"down": {"uv": [11, 8, 11.5, 8.5], "texture": "#2"}
			}
		},
		{
			"name": "voxel",
			"from": [8.09, 14.5, 4.2],
			"to": [18.89, 15.26, 7.62],
			"rotation": {"angle": 0, "axis": "y", "origin": [10.7784, -7.3112, 5.7656]},
			"faces": {
				"north": {"uv": [0.25, 0.25, 0.75, 0.75], "texture": "#2"},
				"east": {"uv": [12, 14, 13, 15], "texture": "#2"},
				"south": {"uv": [5, 2, 6, 3], "texture": "#2"},
				"west": {"uv": [6, 2, 7, 3], "texture": "#2"},
				"up": {"uv": [0, 0, 11, 6], "texture": "#2"},
				"down": {"uv": [11, 8, 11.5, 8.5], "texture": "#2"}
			}
		},
		{
			"name": "voxel",
			"from": [1, 2, 5],
			"to": [2, 3, 6],
			"rotation": {"angle": 0, "axis": "y", "origin": [10.34, -9.62, 5.06]},
			"faces": {
				"north": {"uv": [0.25, 0.25, 0.75, 0.75], "texture": "#2"},
				"east": {"uv": [12, 14, 13, 15], "texture": "#2"},
				"south": {"uv": [5, 2, 6, 3], "texture": "#2"},
				"west": {"uv": [6, 2, 7, 3], "texture": "#2"},
				"up": {"uv": [0, 0, 1, 1], "texture": "#2"},
				"down": {"uv": [11, 8, 11.5, 8.5], "texture": "#2"}
			}
		},
		{
			"name": "voxel",
			"from": [11, 2, 1],
			"to": [12, 3, 2],
			"rotation": {"angle": 0, "axis": "y", "origin": [10.34, -9.62, 5.06]},
			"faces": {
				"north": {"uv": [0.25, 0.25, 0.75, 0.75], "texture": "#2"},
				"east": {"uv": [12, 14, 13, 15], "texture": "#2"},
				"south": {"uv": [5, 2, 6, 3], "texture": "#2"},
				"west": {"uv": [6, 2, 7, 3], "texture": "#2"},
				"up": {"uv": [0, 0, 1, 1], "texture": "#2"},
				"down": {"uv": [11, 8, 11.5, 8.5], "texture": "#2"}
			}
		},
		{
			"name": "voxel",
			"from": [8.5, 4.5, 11],
			"to": [9.5, 5.5, 12],
			"rotation": {"angle": 0, "axis": "y", "origin": [10.34, -9.62, 5.06]},
			"faces": {
				"north": {"uv": [0.25, 0.25, 0.75, 0.75], "texture": "#2"},
				"east": {"uv": [12, 14, 13, 15], "texture": "#2"},
				"south": {"uv": [5, 2, 6, 3], "texture": "#2"},
				"west": {"uv": [6, 2, 7, 3], "texture": "#2"},
				"up": {"uv": [0, 0, 1, 1], "texture": "#2"},
				"down": {"uv": [11, 8, 11.5, 8.5], "texture": "#2"}
			}
		},
		{
			"name": "voxel",
			"from": [6, 4.5, -1.5],
			"to": [7, 5.5, -0.5],
			"rotation": {"angle": 0, "axis": "y", "origin": [10.34, -9.62, 5.06]},
			"faces": {
				"north": {"uv": [0.25, 0.25, 0.75, 0.75], "texture": "#2"},
				"east": {"uv": [12, 14, 13, 15], "texture": "#2"},
				"south": {"uv": [5, 2, 6, 3], "texture": "#2"},
				"west": {"uv": [6, 2, 7, 3], "texture": "#2"},
				"up": {"uv": [0, 0, 1, 1], "texture": "#2"},
				"down": {"uv": [11, 8, 11.5, 8.5], "texture": "#2"}
			}
		},
		{
			"name": "voxel",
			"from": [13.5, 4.5, 3.5],
			"to": [14.5, 5.5, 4.5],
			"rotation": {"angle": 0, "axis": "y", "origin": [10.34, -9.62, 5.06]},
			"faces": {
				"north": {"uv": [0.25, 0.25, 0.75, 0.75], "texture": "#2"},
				"east": {"uv": [12, 14, 13, 15], "texture": "#2"},
				"south": {"uv": [5, 2, 6, 3], "texture": "#2"},
				"west": {"uv": [6, 2, 7, 3], "texture": "#2"},
				"up": {"uv": [0, 0, 1, 1], "texture": "#2"},
				"down": {"uv": [11, 8, 11.5, 8.5], "texture": "#2"}
			}
		},
		{
			"name": "voxel",
			"from": [5, 2, 1],
			"to": [6, 4, 2],
			"rotation": {"angle": 0, "axis": "y", "origin": [10.34, -9.62, 5.06]},
			"faces": {
				"north": {"uv": [0.25, 0.25, 0.75, 0.75], "texture": "#2"},
				"east": {"uv": [12, 14, 13, 15], "texture": "#2"},
				"south": {"uv": [5, 2, 6, 3], "texture": "#2"},
				"west": {"uv": [6, 2, 7, 3], "texture": "#2"},
				"up": {"uv": [0, 0, 1, 1], "texture": "#2"},
				"down": {"uv": [11, 8, 11.5, 8.5], "texture": "#2"}
			}
		},
		{
			"name": "voxel",
			"from": [13, 2, -2],
			"to": [14, 3, -1],
			"rotation": {"angle": 0, "axis": "y", "origin": [10.34, -9.62, 5.06]},
			"faces": {
				"north": {"uv": [0.25, 0.25, 0.75, 0.75], "texture": "#2"},
				"east": {"uv": [12, 14, 13, 15], "texture": "#2"},
				"south": {"uv": [5, 2, 6, 3], "texture": "#2"},
				"west": {"uv": [6, 2, 7, 3], "texture": "#2"},
				"up": {"uv": [0, 0, 1, 1], "texture": "#2"},
				"down": {"uv": [11, 8, 11.5, 8.5], "texture": "#2"}
			}
		},
		{
			"name": "voxel",
			"from": [1, 1, 11],
			"to": [2, 2, 12],
			"rotation": {"angle": 0, "axis": "y", "origin": [10.34, -9.62, 5.06]},
			"faces": {
				"north": {"uv": [0.25, 0.25, 0.75, 0.75], "texture": "#2"},
				"east": {"uv": [12, 14, 13, 15], "texture": "#2"},
				"south": {"uv": [5, 2, 6, 3], "texture": "#2"},
				"west": {"uv": [6, 2, 7, 3], "texture": "#2"},
				"up": {"uv": [0, 0, 1, 1], "texture": "#2"},
				"down": {"uv": [11, 8, 11.5, 8.5], "texture": "#2"}
			}
		},
		{
			"name": "voxel",
			"from": [16, 1, 5],
			"to": [17, 2, 6],
			"rotation": {"angle": 0, "axis": "y", "origin": [10.34, -9.62, 5.06]},
			"faces": {
				"north": {"uv": [0.25, 0.25, 0.75, 0.75], "texture": "#2"},
				"east": {"uv": [12, 14, 13, 15], "texture": "#2"},
				"south": {"uv": [5, 2, 6, 3], "texture": "#2"},
				"west": {"uv": [6, 2, 7, 3], "texture": "#2"},
				"up": {"uv": [0, 0, 1, 1], "texture": "#2"},
				"down": {"uv": [11, 8, 11.5, 8.5], "texture": "#2"}
			}
		},
		{
			"name": "voxel",
			"from": [16, 1, 4],
			"to": [19, 2, 5],
			"rotation": {"angle": 0, "axis": "y", "origin": [10.34, -9.62, 5.06]},
			"faces": {
				"north": {"uv": [0.25, 0.25, 0.75, 0.75], "texture": "#2"},
				"east": {"uv": [12, 14, 13, 15], "texture": "#2"},
				"south": {"uv": [5, 2, 6, 3], "texture": "#2"},
				"west": {"uv": [6, 2, 7, 3], "texture": "#2"},
				"up": {"uv": [0, 0, 1, 1], "texture": "#2"},
				"down": {"uv": [11, 8, 11.5, 8.5], "texture": "#2"}
			}
		},
		{
			"name": "voxel",
			"from": [8, 1, -1],
			"to": [9, 2, 0],
			"rotation": {"angle": 0, "axis": "y", "origin": [10.34, -9.62, 5.06]},
			"faces": {
				"north": {"uv": [0.25, 0.25, 0.75, 0.75], "texture": "#2"},
				"east": {"uv": [12, 14, 13, 15], "texture": "#2"},
				"south": {"uv": [5, 2, 6, 3], "texture": "#2"},
				"west": {"uv": [6, 2, 7, 3], "texture": "#2"},
				"up": {"uv": [0, 0, 1, 1], "texture": "#2"},
				"down": {"uv": [11, 8, 11.5, 8.5], "texture": "#2"}
			}
		},
		{
			"name": "voxel",
			"from": [13, 1, -2],
			"to": [15, 2, -1],
			"rotation": {"angle": 0, "axis": "y", "origin": [10.34, -9.62, 5.06]},
			"faces": {
				"north": {"uv": [0.25, 0.25, 0.75, 0.75], "texture": "#2"},
				"east": {"uv": [12, 14, 13, 15], "texture": "#2"},
				"south": {"uv": [5, 2, 6, 3], "texture": "#2"},
				"west": {"uv": [6, 2, 7, 3], "texture": "#2"},
				"up": {"uv": [0, 0, 1, 1], "texture": "#2"},
				"down": {"uv": [11, 8, 11.5, 8.5], "texture": "#2"}
			}
		},
		{
			"name": "voxel",
			"from": [11, 0, 9],
			"to": [12, 1, 10],
			"rotation": {"angle": 0, "axis": "y", "origin": [8.875, 0.5, 5.8125]},
			"faces": {
				"north": {"uv": [11, 14, 13, 15], "texture": "#2"},
				"east": {"uv": [10, 14, 13, 15], "texture": "#2"},
				"south": {"uv": [5, 2, 9, 3], "texture": "#2"},
				"west": {"uv": [3, 2, 14, 4], "texture": "#2"},
				"up": {"uv": [0, 0, 3, 2], "texture": "#2"},
				"down": {"uv": [11, 8, 11.5, 8.5], "texture": "#2"}
			}
		},
		{
			"name": "voxel",
			"from": [13, 0, 4],
			"to": [14, 1, 7],
			"rotation": {"angle": 0, "axis": "y", "origin": [8.875, 0.5, 5.8125]},
			"faces": {
				"north": {"uv": [11, 14, 13, 15], "texture": "#2"},
				"east": {"uv": [10, 14, 13, 15], "texture": "#2"},
				"south": {"uv": [5, 2, 9, 3], "texture": "#2"},
				"west": {"uv": [3, 2, 14, 4], "texture": "#2"},
				"up": {"uv": [14, 9, 16, 14], "texture": "#2"},
				"down": {"uv": [11, 8, 11.5, 8.5], "texture": "#2"}
			}
		},
		{
			"name": "voxel",
			"from": [4, 0, 5],
			"to": [6, 1, 6],
			"rotation": {"angle": 0, "axis": "y", "origin": [8.875, 0.5, 5.8125]},
			"faces": {
				"north": {"uv": [11, 14, 13, 15], "texture": "#2"},
				"east": {"uv": [10, 14, 13, 15], "texture": "#2"},
				"south": {"uv": [5, 2, 9, 3], "texture": "#2"},
				"west": {"uv": [3, 2, 14, 4], "texture": "#2"},
				"up": {"uv": [0, 0, 4, 2], "texture": "#2"},
				"down": {"uv": [11, 8, 11.5, 8.5], "texture": "#2"}
			}
		},
		{
			"name": "voxel",
			"from": [3, 0, 4],
			"to": [6, 1, 5],
			"rotation": {"angle": 0, "axis": "y", "origin": [8.875, 0.5, 5.8125]},
			"faces": {
				"north": {"uv": [11, 14, 13, 15], "texture": "#2"},
				"east": {"uv": [10, 14, 13, 15], "texture": "#2"},
				"south": {"uv": [5, 2, 9, 3], "texture": "#2"},
				"west": {"uv": [3, 2, 14, 4], "texture": "#2"},
				"up": {"uv": [0, 0, 4, 2], "texture": "#2"},
				"down": {"uv": [11, 8, 11.5, 8.5], "texture": "#2"}
			}
		},
		{
			"name": "voxel",
			"from": [6, 0, 3],
			"to": [7, 1, 8],
			"rotation": {"angle": 0, "axis": "y", "origin": [8.875, 0.5, 5.8125]},
			"faces": {
				"north": {"uv": [11, 14, 13, 15], "texture": "#2"},
				"east": {"uv": [10, 14, 13, 15], "texture": "#2"},
				"south": {"uv": [5, 2, 9, 3], "texture": "#2"},
				"west": {"uv": [3, 2, 14, 4], "texture": "#2"},
				"up": {"uv": [0, 0, 5, 10], "texture": "#2"},
				"down": {"uv": [11, 8, 11.5, 8.5], "texture": "#2"}
			}
		},
		{
			"name": "voxel",
			"from": [11, 0, 2],
			"to": [13, 1, 9],
			"rotation": {"angle": 0, "axis": "y", "origin": [8.875, 0.5, 5.8125]},
			"faces": {
				"north": {"uv": [11, 14, 13, 15], "texture": "#2"},
				"east": {"uv": [10, 14, 13, 15], "texture": "#2"},
				"south": {"uv": [5, 2, 9, 3], "texture": "#2"},
				"west": {"uv": [3, 2, 14, 4], "texture": "#2"},
				"up": {"uv": [0, 0, 4, 11], "texture": "#2"},
				"down": {"uv": [11, 8, 11.5, 8.5], "texture": "#2"}
			}
		},
		{
			"name": "voxel",
			"from": [7, 0, 2],
			"to": [9, 1, 9],
			"rotation": {"angle": 0, "axis": "y", "origin": [8.875, 0.5, 5.8125]},
			"faces": {
				"north": {"uv": [11, 14, 13, 15], "texture": "#2"},
				"east": {"uv": [10, 14, 13, 15], "texture": "#2"},
				"south": {"uv": [5, 2, 9, 3], "texture": "#2"},
				"west": {"uv": [3, 2, 14, 4], "texture": "#2"},
				"up": {"uv": [0, 0, 6, 11], "texture": "#2"},
				"down": {"uv": [11, 8, 11.5, 8.5], "texture": "#2"}
			}
		},
		{
			"name": "voxel",
			"from": [9, 0, 0],
			"to": [11, 1, 10],
			"rotation": {"angle": 0, "axis": "y", "origin": [8.875, 0.5, 5.8125]},
			"faces": {
				"north": {"uv": [11, 14, 13, 15], "texture": "#2"},
				"east": {"uv": [10, 14, 13, 15], "texture": "#2"},
				"south": {"uv": [5, 2, 9, 3], "texture": "#2"},
				"west": {"uv": [3, 2, 14, 4], "texture": "#2"},
				"up": {"uv": [0, 0, 6, 16], "texture": "#2"},
				"down": {"uv": [11, 8, 11.5, 8.5], "texture": "#2"}
			}
		},
		{
			"from": [11.12867, 15.40867, 2.68],
			"to": [19.77367, 24.52867, 3.44],
			"rotation": {"angle": -22.5, "axis": "x", "origin": [17.01941, 16.67071, 7.53506]},
			"faces": {
				"north": {"uv": [0, 1, 16, 16], "rotation": 90, "texture": "#1"},
				"east": {"uv": [0, 1, 1, 16], "texture": "#1"},
				"south": {"uv": [0, 1, 16, 16], "rotation": 270, "texture": "#1"},
				"west": {"uv": [0, 1, 1, 16], "rotation": 180, "texture": "#1"},
				"up": {"uv": [0, 1, 1, 16], "rotation": 270, "texture": "#1"},
				"down": {"uv": [0, 1, 1, 16], "rotation": 270, "texture": "#1"}
			}
		},
		{
			"from": [11.12867, 24.52867, 3.44],
			"to": [19.58367, 25.28867, 4.2],
			"rotation": {"angle": -22.5, "axis": "x", "origin": [17.01941, 16.67071, 7.53506]},
			"faces": {
				"north": {"uv": [0, 1, 16, 16], "rotation": 90, "texture": "#1"},
				"east": {"uv": [0, 1, 1, 16], "texture": "#1"},
				"south": {"uv": [0, 1, 16, 16], "rotation": 270, "texture": "#1"},
				"west": {"uv": [0, 1, 1, 16], "rotation": 180, "texture": "#1"},
				"up": {"uv": [0, 1, 1, 16], "rotation": 270, "texture": "#1"},
				"down": {"uv": [0, 1, 1, 16], "rotation": 270, "texture": "#1"}
			}
		},
		{
			"from": [11.12867, 14.64867, 3.44],
			"to": [19.77367, 15.40867, 4.2],
			"rotation": {"angle": -22.5, "axis": "x", "origin": [17.01941, 16.67071, 7.53506]},
			"faces": {
				"north": {"uv": [0, 1, 16, 16], "rotation": 90, "texture": "#1"},
				"east": {"uv": [0, 1, 1, 16], "texture": "#1"},
				"south": {"uv": [0, 1, 16, 16], "rotation": 270, "texture": "#1"},
				"west": {"uv": [0, 1, 1, 16], "rotation": 180, "texture": "#1"},
				"up": {"uv": [0, 1, 1, 16], "rotation": 270, "texture": "#1"},
				"down": {"uv": [0, 1, 1, 16], "rotation": 270, "texture": "#1"}
			}
		},
		{
			"from": [11.12867, 14.64867, 13.32],
			"to": [19.77367, 15.40867, 14.08],
			"rotation": {"angle": -22.5, "axis": "x", "origin": [17.01941, 16.67071, 7.53506]},
			"faces": {
				"north": {"uv": [0, 1, 16, 16], "rotation": 90, "texture": "#1"},
				"east": {"uv": [0, 1, 1, 16], "texture": "#1"},
				"south": {"uv": [0, 1, 16, 16], "rotation": 270, "texture": "#1"},
				"west": {"uv": [0, 1, 1, 16], "rotation": 180, "texture": "#1"},
				"up": {"uv": [0, 1, 1, 16], "rotation": 270, "texture": "#1"},
				"down": {"uv": [0, 1, 1, 16], "rotation": 270, "texture": "#1"}
			}
		},
		{
			"from": [11.12867, 24.52867, 13.32],
			"to": [19.77367, 25.28867, 14.08],
			"rotation": {"angle": -22.5, "axis": "x", "origin": [17.01941, 16.67071, 7.53506]},
			"faces": {
				"north": {"uv": [0, 1, 16, 16], "rotation": 90, "texture": "#1"},
				"east": {"uv": [0, 1, 1, 16], "texture": "#1"},
				"south": {"uv": [0, 1, 16, 16], "rotation": 270, "texture": "#1"},
				"west": {"uv": [0, 1, 1, 16], "rotation": 180, "texture": "#1"},
				"up": {"uv": [0, 1, 1, 16], "rotation": 270, "texture": "#1"},
				"down": {"uv": [0, 1, 1, 16], "rotation": 270, "texture": "#1"}
			}
		},
		{
			"from": [11.12867, 15.40867, 14.08],
			"to": [19.77367, 24.52867, 14.84],
			"rotation": {"angle": -22.5, "axis": "x", "origin": [17.01941, 16.67071, 7.53506]},
			"faces": {
				"north": {"uv": [0, 1, 16, 16], "rotation": 90, "texture": "#1"},
				"east": {"uv": [0, 1, 1, 16], "texture": "#1"},
				"south": {"uv": [0, 1, 16, 16], "rotation": 270, "texture": "#1"},
				"west": {"uv": [0, 1, 1, 16], "rotation": 180, "texture": "#1"},
				"up": {"uv": [0, 1, 1, 16], "rotation": 270, "texture": "#1"},
				"down": {"uv": [0, 1, 1, 16], "rotation": 270, "texture": "#1"}
			}
		},
		{
			"from": [11.12867, 13.88867, 4.2],
			"to": [19.77367, 14.64867, 13.32],
			"rotation": {"angle": -22.5, "axis": "x", "origin": [17.01941, 16.67071, 7.53506]},
			"faces": {
				"north": {"uv": [0, 1, 1, 16], "rotation": 90, "texture": "#1"},
				"east": {"uv": [0, 1, 1, 16], "rotation": 270, "texture": "#1"},
				"south": {"uv": [0, 1, 1, 16], "rotation": 270, "texture": "#1"},
				"west": {"uv": [0, 1, 1, 16], "rotation": 270, "texture": "#1"},
				"up": {"uv": [0, 1, 16, 16], "rotation": 270, "texture": "#1"},
				"down": {"uv": [0, 1, 16, 15], "rotation": 270, "texture": "#1"}
			}
		},
		{
			"from": [11.12867, 25.28867, 4.2],
			"to": [19.77367, 26.04867, 13.32],
			"rotation": {"angle": -22.5, "axis": "x", "origin": [17.01941, 16.67071, 7.53506]},
			"faces": {
				"north": {"uv": [0, 1, 1, 16], "rotation": 90, "texture": "#1"},
				"east": {"uv": [0, 1, 1, 16], "rotation": 270, "texture": "#1"},
				"south": {"uv": [0, 1, 1, 16], "rotation": 270, "texture": "#1"},
				"west": {"uv": [0, 1, 1, 16], "rotation": 270, "texture": "#1"},
				"up": {"uv": [0, 1, 16, 16], "rotation": 270, "texture": "#1"},
				"down": {"uv": [0, 1, 16, 16], "rotation": 270, "texture": "#1"}
			}
		},
		{
			"from": [9.60867, 25.28867, 3.44],
			"to": [11.12867, 26.80867, 14.08],
			"rotation": {"angle": -22.5, "axis": "x", "origin": [17.01941, 16.67071, 7.53506]},
			"faces": {
				"north": {"uv": [0, 4, 16, 16], "rotation": 90, "texture": "#1"},
				"east": {"uv": [0, 1, 1, 16], "rotation": 270, "texture": "#1"},
				"south": {"uv": [0, 1, 1, 16], "rotation": 270, "texture": "#1"},
				"west": {"uv": [0, 1, 1, 16], "rotation": 270, "texture": "#1"},
				"up": {"uv": [0, 0, 16, 2], "rotation": 270, "texture": "#1"},
				"down": {"uv": [0, 0, 16, 2], "rotation": 270, "texture": "#1"}
			}
		},
		{
			"from": [18.82367, 14.64867, 4.2],
			"to": [20.72367, 25.28867, 13.32],
			"rotation": {"angle": -22.5, "axis": "x", "origin": [17.01941, 16.67071, 7.53506]},
			"faces": {
				"north": {"uv": [0, 0, 14, 1], "rotation": 90, "texture": "#1"},
				"east": {"uv": [0, 0, 12, 14], "texture": "#1"},
				"south": {"uv": [0, 0, 14, 1], "rotation": 270, "texture": "#1"},
				"west": {"uv": [0, 0, 12, 14], "rotation": 180, "texture": "#1"},
				"up": {"uv": [0, 0, 12, 1], "rotation": 270, "texture": "#1"},
				"down": {"uv": [0, 0, 12, 1], "rotation": 270, "texture": "#1"}
			}
		},
		{
			"from": [18.82367, 15.40867, 3.44],
			"to": [19.58367, 24.52867, 4.2],
			"rotation": {"angle": -22.5, "axis": "x", "origin": [17.01941, 16.67071, 7.53506]},
			"faces": {
				"north": {"uv": [0, 0, 12, 1], "rotation": 90, "texture": "#1"},
				"east": {"uv": [0, 0, 1, 12], "texture": "#1"},
				"south": {"uv": [0, 0, 12, 1], "rotation": 270, "texture": "#1"},
				"west": {"uv": [0, 0, 1, 12], "rotation": 180, "texture": "#1"},
				"up": {"uv": [0, 0, 1, 1], "rotation": 270, "texture": "#1"},
				"down": {"uv": [0, 0, 1, 1], "rotation": 270, "texture": "#1"}
			}
		},
		{
			"from": [18.82367, 15.40867, 13.32],
			"to": [19.58367, 24.52867, 14.08],
			"rotation": {"angle": -22.5, "axis": "x", "origin": [17.01941, 16.67071, 7.53506]},
			"faces": {
				"north": {"uv": [0, 0, 12, 1], "rotation": 90, "texture": "#1"},
				"east": {"uv": [15, 0, 16, 12], "texture": "#1"},
				"south": {"uv": [0, 0, 12, 1], "rotation": 270, "texture": "#1"},
				"west": {"uv": [0, 0, 1, 12], "rotation": 180, "texture": "#1"},
				"up": {"uv": [0, 0, 1, 1], "rotation": 270, "texture": "#1"},
				"down": {"uv": [0, 0, 1, 1], "rotation": 270, "texture": "#1"}
			}
		},
		{
			"from": [9.60867, 14.64867, 1.92],
			"to": [11.12867, 25.28867, 3.44],
			"rotation": {"angle": -22.5, "axis": "x", "origin": [17.01941, 16.67071, 7.53506]},
			"faces": {
				"north": {"uv": [0, 0, 16, 2], "rotation": 90, "texture": "#1"},
				"east": {"uv": [0, 1, 1, 16], "texture": "#1"},
				"south": {"uv": [0, 0, 16, 2], "rotation": 270, "texture": "#1"},
				"west": {"uv": [0, 1, 1, 16], "rotation": 180, "texture": "#1"},
				"up": {"uv": [0, 1, 1, 16], "rotation": 270, "texture": "#1"},
				"down": {"uv": [0, 0, 16, 2], "rotation": 270, "texture": "#1"}
			}
		},
		{
			"from": [9.60867, 13.12867, 3.44],
			"to": [11.12867, 14.64867, 14.08],
			"rotation": {"angle": -22.5, "axis": "x", "origin": [17.01941, 16.67071, 7.53506]},
			"faces": {
				"north": {"uv": [0, 4, 16, 16], "rotation": 90, "texture": "#1"},
				"east": {"uv": [0, 1, 1, 16], "rotation": 270, "texture": "#1"},
				"south": {"uv": [0, 1, 1, 16], "rotation": 270, "texture": "#1"},
				"west": {"uv": [0, 1, 1, 16], "rotation": 270, "texture": "#1"},
				"up": {"uv": [0, 0, 16, 2], "rotation": 270, "texture": "#1"},
				"down": {"uv": [0, 0, 16, 2], "rotation": 270, "texture": "#1"}
			}
		},
		{
			"from": [9.60867, 14.64867, 14.08],
			"to": [11.12867, 25.28867, 15.6],
			"rotation": {"angle": -22.5, "axis": "x", "origin": [17.01941, 16.67071, 7.53506]},
			"faces": {
				"north": {"uv": [0, 4, 16, 16], "rotation": 90, "texture": "#1"},
				"east": {"uv": [0, 1, 1, 16], "texture": "#1"},
				"south": {"uv": [0, 0, 16, 2], "rotation": 270, "texture": "#1"},
				"west": {"uv": [0, 1, 1, 16], "rotation": 180, "texture": "#1"},
				"up": {"uv": [0, 1, 1, 16], "rotation": 270, "texture": "#1"},
				"down": {"uv": [0, 0, 16, 2], "rotation": 270, "texture": "#1"}
			}
		},
		{
			"from": [8.76, 14.56, 4.2],
			"to": [18.64, 15.32, 7.24],
			"rotation": {"angle": -22.5, "axis": "x", "origin": [17.01941, 16.67071, 7.53506]},
			"faces": {
				"north": {"uv": [0, 0, 13, 1], "texture": "#2"},
				"east": {"uv": [0, 0, 4, 1], "texture": "#2"},
				"south": {"uv": [0, 0, 13, 1], "texture": "#2"},
				"west": {"uv": [0, 0, 4, 1], "texture": "#2"},
				"up": {"uv": [0, 0, 13, 4], "texture": "#2"},
				"down": {"uv": [0, 0, 13, 4], "texture": "#2"}
			}
		},
		{
			"from": [8.076, 14.56, 5.72],
			"to": [8.76, 15.32, 7.24],
			"rotation": {"angle": -22.5, "axis": "x", "origin": [17.01941, 16.67071, 7.53506]},
			"faces": {
				"north": {"uv": [0, 0, 0.9, 1], "texture": "#2"},
				"east": {"uv": [0, 0, 2, 1], "texture": "#2"},
				"south": {"uv": [0, 0, 0.9, 1], "texture": "#2"},
				"west": {"uv": [0, 0, 2, 1], "texture": "#2"},
				"up": {"uv": [0, 0, 0.9, 2], "texture": "#2"},
				"down": {"uv": [0, 0, 0.9, 2], "texture": "#2"}
			}
		},
		{
			"from": [8.076, 15.472, 3.516],
			"to": [8.76, 16.992, 4.276],
			"rotation": {"angle": -22.5, "axis": "x", "origin": [17.01941, 16.67071, 7.53506]},
			"faces": {
				"north": {"uv": [0, 0, 0.9, 2], "texture": "#2"},
				"east": {"uv": [0, 0, 1, 2], "texture": "#2"},
				"south": {"uv": [0, 0, 0.9, 2], "texture": "#2"},
				"west": {"uv": [0, 0, 1, 2], "texture": "#2"},
				"up": {"uv": [0, 0, 0.9, 1], "texture": "#2"},
				"down": {"uv": [0, 0, 0.9, 1], "texture": "#2"}
			}
		},
		{
			"from": [8.76, 14.712, 3.516],
			"to": [18.64, 16.992, 4.276],
			"rotation": {"angle": -22.5, "axis": "x", "origin": [17.01941, 16.67071, 7.53506]},
			"faces": {
				"north": {"uv": [0, 0, 13, 3], "rotation": 180, "texture": "#2"},
				"east": {"uv": [0, 0, 3, 1], "rotation": 90, "texture": "#2"},
				"south": {"uv": [0, 0, 13, 3], "texture": "#2"},
				"west": {"uv": [0, 0, 3, 1], "rotation": 270, "texture": "#2"},
				"up": {"uv": [0, 0, 13, 1], "texture": "#2"},
				"down": {"uv": [0, 0, 13, 1], "rotation": 180, "texture": "#2"}
			}
		}
	],
	"display": {
		"thirdperson_righthand": {
			"rotation": [112, 0, 0],
			"translation": [0, -0.75, -5],
			"scale": [0.2832, 0.2832, 0.2832]
		},
		"thirdperson_lefthand": {
			"rotation": [69, -180, 0],
			"translation": [0, -2.25, -5],
			"scale": [0.2832, 0.2832, 0.2832]
		},
		"firstperson_righthand": {
			"rotation": [0, 0, -7],
			"translation": [1.75, 0.5, 0],
			"scale": [0.27734, 0.27734, 0.27734]
		},
		"firstperson_lefthand": {
			"rotation": [0, -180, -7],
			"translation": [1.75, 0.5, 0],
			"scale": [0.27734, 0.27734, 0.27734]
		},
		"ground": {
			"scale": [0.35156, 0.35156, 0.35156]
		},
		"gui": {
			"rotation": [27.75, 146.5, 0],
			"translation": [0.75, -2.75, 0],
			"scale": [0.48, 0.48, 0.48]
		},
		"head": {
			"rotation": [0, -146, 0],
			"translation": [0, 11.75, -1.5],
			"scale": [0.7, 0.7, 0.7]
		},
		"fixed": {
			"translation": [0, 0, -2.25],
			"scale": [0.5, 0.5, 0.5]
		}
	},
	"groups": [
		{
			"name": "voxel_file",
			"origin": [8, 8, 8],
			"color": 0,
			"children": [
				0,
				1,
				2,
				3,
				4,
				5,
				6,
				7,
				8,
				9,
				10,
				11,
				12,
				13,
				14,
				15,
				16,
				17,
				{
					"name": "Putle",
					"origin": [8.875, 0.5, 5.8125],
					"color": 0,
					"children": [18, 19, 20, 21, 22, 23, 24, 25]
				}
			]
		},
		{
			"name": "bucket",
			"origin": [8, 8, 8],
			"color": 0,
			"children": [
				26,
				27,
				28,
				29,
				30,
				31,
				32,
				33,
				34,
				35,
				36,
				37,
				38,
				39,
				40,
				{
					"name": "body",
					"origin": [0, 6, 0],
					"color": 0,
					"children": []
				},
				{
					"name": "Water",
					"origin": [19.86765, 19.40882, 7.38824],
					"color": 0,
					"children": [41, 42, 43, 44]
				}
			]
		}
	]
}