{
	"credit": "Made with Blockbench",
	"textures": {
		"1": "",
		"2": "",
		"3": "",
		"4": "",
		"5": "",
		"particle": ""
	},
	"elements": [
		{
			"from": [2.5, 20.75, -0.25],
			"to": [6.25, 23.75, 2.75],
			"rotation": {"angle": 0, "axis": "y", "origin": [-4, 10, -4.5]},
			"faces": {
				"north": {"uv": [0, 0, 4, 3], "texture": "#1"},
				"east": {"uv": [0, 6, 3, 9], "texture": "#1"},
				"south": {"uv": [0, 3, 4, 6], "texture": "#1"},
				"west": {"uv": [3, 6, 6, 9], "texture": "#1"},
				"up": {"uv": [8, 3, 4, 0], "texture": "#1"},
				"down": {"uv": [8, 3, 4, 6], "texture": "#1"}
			}
		},
		{
			"from": [3.25, 20, -1.5],
			"to": [5.25, 22.25, 0.5],
			"rotation": {"angle": 0, "axis": "y", "origin": [-4, 10, -4.5]},
			"faces": {
				"north": {"uv": [6, 6, 8, 8], "texture": "#1"},
				"east": {"uv": [8, 0, 10, 2], "texture": "#1"},
				"south": {"uv": [8, 2, 10, 4], "texture": "#1"},
				"west": {"uv": [8, 4, 10, 6], "texture": "#1"},
				"up": {"uv": [8, 10, 6, 8], "texture": "#1"},
				"down": {"uv": [10, 6, 8, 8], "texture": "#1"}
			}
		},
		{
			"from": [2, 24.25, -0.5],
			"to": [4, 24.75, 0],
			"rotation": {"angle": -22.5, "axis": "z", "origin": [3, 24.25, -0.25]},
			"faces": {
				"north": {"uv": [8, 8, 10, 9], "texture": "#1"},
				"east": {"uv": [2, 10, 3, 11], "texture": "#1"},
				"south": {"uv": [0, 9, 2, 10], "texture": "#1"},
				"west": {"uv": [10, 2, 11, 3], "texture": "#1"},
				"up": {"uv": [4, 10, 2, 9], "texture": "#1"},
				"down": {"uv": [6, 9, 4, 10], "texture": "#1"}
			}
		},
		{
			"from": [4.5, 23.5, -0.5],
			"to": [6.5, 24, 0],
			"rotation": {"angle": 22.5, "axis": "z", "origin": [5.75, 24.25, -0.25]},
			"faces": {
				"north": {"uv": [8, 9, 10, 10], "texture": "#1"},
				"east": {"uv": [3, 10, 4, 11], "texture": "#1"},
				"south": {"uv": [0, 10, 2, 11], "texture": "#1"},
				"west": {"uv": [10, 3, 11, 4], "texture": "#1"},
				"up": {"uv": [12, 1, 10, 0], "texture": "#1"},
				"down": {"uv": [12, 1, 10, 2], "texture": "#1"}
			}
		},
		{
			"from": [3.5, 14, 2.5],
			"to": [5.5, 14.5, 9.25],
			"rotation": {"angle": 0, "axis": "y", "origin": [-4, 10, -4.5]},
			"faces": {
				"north": {"uv": [8.5, 7, 9.5, 7.5], "texture": "#3"},
				"east": {"uv": [8.5, 0, 12, 0.5], "texture": "#3"},
				"south": {"uv": [8.5, 7.5, 9.5, 8], "texture": "#3"},
				"west": {"uv": [8.5, 0.5, 12, 1], "texture": "#3"},
				"up": {"uv": [3, 9, 2, 5.5], "texture": "#3"},
				"down": {"uv": [4, 5.5, 3, 9], "texture": "#3"}
			}
		},
		{
			"from": [4.5, 14, 1.5],
			"to": [6.5, 14.5, 8.25],
			"rotation": {"angle": 22.5, "axis": "y", "origin": [5.5, 14.25, 5.875]},
			"faces": {
				"north": {"uv": [8.5, 8, 9.5, 8.5], "texture": "#3"},
				"east": {"uv": [8.5, 1, 12, 1.5], "texture": "#3"},
				"south": {"uv": [8.5, 8.5, 9.5, 9], "texture": "#3"},
				"west": {"uv": [8.5, 1.5, 12, 2], "texture": "#3"},
				"up": {"uv": [7, 7.5, 6, 4], "texture": "#3"},
				"down": {"uv": [1, 7, 0, 10.5], "texture": "#3"}
			}
		},
		{
			"from": [2.25, 14, 1.5],
			"to": [4.25, 14.5, 8.25],
			"rotation": {"angle": -22.5, "axis": "y", "origin": [3.25, 14.25, 5.875]},
			"faces": {
				"north": {"uv": [2, 9, 3, 9.5], "texture": "#3"},
				"east": {"uv": [8.5, 2, 12, 2.5], "texture": "#3"},
				"south": {"uv": [3, 9, 4, 9.5], "texture": "#3"},
				"west": {"uv": [8.5, 2.5, 12, 3], "texture": "#3"},
				"up": {"uv": [2, 10.5, 1, 7], "texture": "#3"},
				"down": {"uv": [8, 4, 7, 7.5], "texture": "#3"}
			}
		},
		{
			"from": [2.75, 11.25, 0.5],
			"to": [4, 14.25, 1.75],
			"rotation": {"angle": 0, "axis": "y", "origin": [-4, 10, -4.5]},
			"faces": {
				"north": {"uv": [0, 0, 1, 3], "texture": "#4"},
				"east": {"uv": [1, 0, 2, 3], "texture": "#4"},
				"south": {"uv": [2, 0, 3, 3], "texture": "#4"},
				"west": {"uv": [0, 3, 1, 6], "texture": "#4"},
				"up": {"uv": [7, 1, 6, 0], "texture": "#4"},
				"down": {"uv": [2, 6, 1, 7], "texture": "#4"}
			}
		},
		{
			"from": [4.75, 11.25, 0.5],
			"to": [6, 14.25, 1.75],
			"rotation": {"angle": 0, "axis": "y", "origin": [-4, 10, -4.5]},
			"faces": {
				"north": {"uv": [3, 0, 4, 3], "texture": "#4"},
				"east": {"uv": [1, 3, 2, 6], "texture": "#4"},
				"south": {"uv": [2, 3, 3, 6], "texture": "#4"},
				"west": {"uv": [3, 3, 4, 6], "texture": "#4"},
				"up": {"uv": [7, 2, 6, 1], "texture": "#4"},
				"down": {"uv": [3, 6, 2, 7], "texture": "#4"}
			}
		},
		{
			"from": [4.75, 10.75, -0.5],
			"to": [6, 11.25, 1.75],
			"rotation": {"angle": 0, "axis": "y", "origin": [-4, 10, -4.5]},
			"faces": {
				"north": {"uv": [3, 6, 4, 7], "texture": "#4"},
				"east": {"uv": [4, 0, 6, 1], "texture": "#4"},
				"south": {"uv": [4, 6, 5, 7], "texture": "#4"},
				"west": {"uv": [4, 1, 6, 2], "texture": "#4"},
				"up": {"uv": [5, 4, 4, 2], "texture": "#4"},
				"down": {"uv": [5, 4, 4, 6], "texture": "#4"}
			}
		},
		{
			"from": [2.75, 10.75, -0.5],
			"to": [4, 11.25, 1.75],
			"rotation": {"angle": 0, "axis": "y", "origin": [-4, 10, -4.5]},
			"faces": {
				"north": {"uv": [6, 4, 7, 5], "texture": "#4"},
				"east": {"uv": [5, 2, 7, 3], "texture": "#4"},
				"south": {"uv": [5, 6, 6, 7], "texture": "#4"},
				"west": {"uv": [5, 3, 7, 4], "texture": "#4"},
				"up": {"uv": [6, 6, 5, 4], "texture": "#4"},
				"down": {"uv": [1, 6, 0, 8], "texture": "#4"}
			}
		},
		{
			"from": [2.5, 14, -0.25],
			"to": [6.25, 20.75, 2.75],
			"rotation": {"angle": 0, "axis": "y", "origin": [-4, 10, -4.5]},
			"faces": {
				"north": {"uv": [0, 0, 2, 3.5], "texture": "#2"},
				"east": {"uv": [0, 3.5, 1.5, 7], "texture": "#2"},
				"south": {"uv": [2, 0, 4, 3.5], "texture": "#2"},
				"west": {"uv": [1.5, 3.5, 3, 7], "texture": "#2"},
				"up": {"uv": [5, 5, 3, 3.5], "texture": "#2"},
				"down": {"uv": [6, 0, 4, 1.5], "texture": "#2"}
			}
		},
		{
			"from": [2, 13.5, 1.5],
			"to": [3, 20, 3.5],
			"rotation": {"angle": -45, "axis": "x", "origin": [2.5, 17.875, 1.5]},
			"faces": {
				"north": {"uv": [6.5, 7.5, 7, 11], "texture": "#3"},
				"east": {"uv": [0, 3.5, 1, 7], "texture": "#3"},
				"south": {"uv": [7, 7.5, 7.5, 11], "texture": "#3"},
				"west": {"uv": [1, 3.5, 2, 7], "texture": "#3"},
				"up": {"uv": [7.5, 1, 7, 0], "texture": "#3"},
				"down": {"uv": [7.5, 1, 7, 2], "texture": "#3"}
			}
		},
		{
			"from": [2, 17.49372, 0.45971],
			"to": [3, 19.49372, 6.95971],
			"rotation": {"angle": 22.5, "axis": "x", "origin": [2.5, 18.49372, 3.70971]},
			"faces": {
				"north": {"uv": [8.5, 3, 9, 4], "texture": "#3"},
				"east": {"uv": [4, 2, 7.5, 3], "texture": "#3"},
				"south": {"uv": [8.5, 4, 9, 5], "texture": "#3"},
				"west": {"uv": [4, 3, 7.5, 4], "texture": "#3"},
				"up": {"uv": [8, 11, 7.5, 7.5], "texture": "#3"},
				"down": {"uv": [8.5, 0, 8, 3.5], "texture": "#3"}
			}
		},
		{
			"from": [2, 13.5, 0.5],
			"to": [3, 20, 2.5],
			"rotation": {"angle": -22.5, "axis": "x", "origin": [2.5, 17.875, 1.5]},
			"faces": {
				"north": {"uv": [8, 3.5, 8.5, 7], "texture": "#3"},
				"east": {"uv": [4, 4, 5, 7.5], "texture": "#3"},
				"south": {"uv": [8, 7, 8.5, 10.5], "texture": "#3"},
				"west": {"uv": [5, 4, 6, 7.5], "texture": "#3"},
				"up": {"uv": [9, 6, 8.5, 5], "texture": "#3"},
				"down": {"uv": [9, 6, 8.5, 7], "texture": "#3"}
			}
		},
		{
			"from": [6, 13.5, 0.5],
			"to": [7, 20, 2.5],
			"rotation": {"angle": -22.5, "axis": "x", "origin": [6.5, 17.875, 1.5]},
			"faces": {
				"north": {"uv": [7.5, 0, 8, 3.5], "texture": "#3"},
				"east": {"uv": [0, 0, 1, 3.5], "texture": "#3"},
				"south": {"uv": [4, 7.5, 4.5, 11], "texture": "#3"},
				"west": {"uv": [1, 0, 2, 3.5], "texture": "#3"},
				"up": {"uv": [6, 1, 5.5, 0], "texture": "#3"},
				"down": {"uv": [6, 1, 5.5, 2], "texture": "#3"}
			}
		},
		{
			"from": [6, 17.49372, 0.45971],
			"to": [7, 19.49372, 6.95971],
			"rotation": {"angle": 22.5, "axis": "x", "origin": [6.5, 18.49372, 3.70971]},
			"faces": {
				"north": {"uv": [6, 0, 6.5, 1], "texture": "#3"},
				"east": {"uv": [2, 0, 5.5, 1], "texture": "#3"},
				"south": {"uv": [6, 1, 6.5, 2], "texture": "#3"},
				"west": {"uv": [2, 1, 5.5, 2], "texture": "#3"},
				"up": {"uv": [5, 11, 4.5, 7.5], "texture": "#3"},
				"down": {"uv": [5.5, 7.5, 5, 11], "texture": "#3"}
			}
		},
		{
			"from": [6, 13.5, 1.5],
			"to": [7, 20, 3.5],
			"rotation": {"angle": -45, "axis": "x", "origin": [6.5, 17.875, 1.5]},
			"faces": {
				"north": {"uv": [5.5, 7.5, 6, 11], "texture": "#3"},
				"east": {"uv": [2, 2, 3, 5.5], "texture": "#3"},
				"south": {"uv": [6, 7.5, 6.5, 11], "texture": "#3"},
				"west": {"uv": [3, 2, 4, 5.5], "texture": "#3"},
				"up": {"uv": [7, 1, 6.5, 0], "texture": "#3"},
				"down": {"uv": [7, 1, 6.5, 2], "texture": "#3"}
			}
		},
		{
			"from": [0, 0, 0],
			"to": [2, 9, 2],
			"faces": {
				"north": {"uv": [0, 0, 2, 9], "texture": "#5"},
				"east": {"uv": [2, 0, 4, 9], "texture": "#5"},
				"south": {"uv": [4, 0, 6, 9], "texture": "#5"},
				"west": {"uv": [6, 0, 8, 9], "texture": "#5"},
				"up": {"uv": [10, 10, 8, 8], "texture": "#5"},
				"down": {"uv": [2, 9, 0, 11], "texture": "#5"}
			}
		},
		{
			"from": [0, 9, 0],
			"to": [7, 11, 2],
			"faces": {
				"north": {"uv": [8, 0, 15, 2], "texture": "#5"},
				"east": {"uv": [2, 9, 4, 11], "texture": "#5"},
				"south": {"uv": [8, 2, 15, 4], "texture": "#5"},
				"west": {"uv": [4, 9, 6, 11], "texture": "#5"},
				"up": {"uv": [15, 6, 8, 4], "texture": "#5"},
				"down": {"uv": [15, 6, 8, 8], "texture": "#5"}
			}
		}
	],
	"display": {
		"thirdperson_righthand": {
			"rotation": [84, 0, 0],
			"translation": [2.5, -5.25, 16.5],
			"scale": [0.5, 0.5, 0.5]
		},
		"thirdperson_lefthand": {
			"rotation": [84, 0, 0],
			"translation": [-8.5, -0.75, 21],
			"scale": [0.5, 0.5, 0.5]
		},
		"firstperson_righthand": {
			"translation": [10, 0, 0]
		},
		"firstperson_lefthand": {
			"translation": [-0.25, 0, 0]
		},
		"ground": {
			"translation": [0, 5.25, 0]
		},
		"gui": {
			"rotation": [6, 180, -38],
			"translation": [-1.25, -5, 0],
			"scale": [0.75, 0.75, 0.75]
		},
		"head": {
			"translation": [13, 0.25, 4.5],
			"scale": [0.7, 0.7, 0.7]
		},
		"fixed": {
			"rotation": [-90, 0, 0],
			"translation": [6, 7, -7]
		}
	},
	"groups": [
		{
			"name": "group",
			"origin": [0, 0, 0],
			"color": 0,
			"children": [
				{
					"name": "head",
					"origin": [0, 0, 0],
					"color": 0,
					"children": [0, 1, 2, 3]
				},
				{
					"name": "back fethers",
					"origin": [0, 0, 0],
					"color": 0,
					"children": [4, 5, 6]
				},
				{
					"name": "legs",
					"origin": [0, 0, 0],
					"color": 0,
					"children": [7, 8, 9, 10]
				},
				{
					"name": "body",
					"origin": [0, 0, 0],
					"color": 0,
					"children": [11]
				},
				{
					"name": "left wing",
					"origin": [8, 8, 8],
					"color": 0,
					"children": [12, 13, 14]
				},
				{
					"name": "roght wing",
					"origin": [8, 8, 8],
					"color": 0,
					"children": [15, 16, 17]
				}
			]
		},
		{
			"name": "group",
			"origin": [8, 8, 8],
			"color": 0,
			"children": [18, 19]
		}
	]
}