{
	"credit": "Made with Blockbench",
	"texture_size": [32, 32],
	"textures": {
		"0": "blockbench/arrow"
	},
	"elements": [
		{
			"name": "arrow",
			"from": [0, 0, 8],
			"to": [16, 5, 8],
			"rotation": {"angle": 0, "axis": "y", "origin": [10, 2.5, 8]},
			"faces": {
				"north": {"uv": [0, 0, 8, 2.5], "texture": "#0"},
				"east": {"uv": [0, 0, 0, 2.5], "texture": "#0"},
				"south": {"uv": [8, 0, 0, 2.5], "texture": "#0"},
				"west": {"uv": [8, 0, 8, 2.5], "texture": "#0"},
				"up": {"uv": [8, 0, 0, 0], "texture": "#0"},
				"down": {"uv": [16, 0, 8, 0], "texture": "#0"}
			}
		},
		{
			"name": "arrow",
			"from": [15, 0, 5.5],
			"to": [15, 5, 10.5],
			"rotation": {"angle": 0, "axis": "y", "origin": [10, 2.5, 8]},
			"faces": {
				"north": {"uv": [2.5, 2.5, 2.5, 5], "texture": "#0"},
				"east": {"uv": [0, 2.5, 2.5, 5], "texture": "#0"},
				"south": {"uv": [5, 2.5, 5, 5], "texture": "#0"},
				"west": {"uv": [0, 2.5, 2.5, 5], "texture": "#0"},
				"up": {"uv": [2.5, 2.5, 2.5, 0], "texture": "#0"},
				"down": {"uv": [2.5, 0, 2.5, 2.5], "texture": "#0"}
			}
		},
		{
			"name": "arrow",
			"from": [0, 2.5, 5.5],
			"to": [16, 2.5, 10.5],
			"rotation": {"angle": 0, "axis": "y", "origin": [10, 2.5, 8]},
			"faces": {
				"north": {"uv": [0, 2.5, 8, 2.5], "texture": "#0"},
				"east": {"uv": [-2.5, 2.5, 0, 2.5], "texture": "#0"},
				"south": {"uv": [10.5, 2.5, 18.5, 2.5], "texture": "#0"},
				"west": {"uv": [8, 2.5, 10.5, 2.5], "texture": "#0"},
				"up": {"uv": [8, 2.5, 0, 0], "texture": "#0"},
				"down": {"uv": [8, 0, 0, 2.5], "texture": "#0"}
			}
		}
	],
	"display": {
		"thirdperson_righthand": {
			"translation": [0, 4.5, -0.5]
		},
		"thirdperson_lefthand": {
			"rotation": [0, -180, 0],
			"translation": [0, 4.5, -0.5]
		},
		"firstperson_righthand": {
			"translation": [0, 6, 0]
		},
		"firstperson_lefthand": {
			"rotation": [0, -180, 0],
			"translation": [0, 6, 0]
		},
		"gui": {
			"rotation": [44, 45, 0],
			"translation": [0, 4, 0]
		},
		"head": {
			"rotation": [0, -180, 0],
			"translation": [0, 9.25, 0],
			"scale": [1.66, 1.66, 1.66]
		},
		"fixed": {
			"translation": [0, 5.25, -0.25]
		}
	},
	"groups": [
		{
			"name": "arrow",
			"origin": [0, 0, 0],
			"color": 0,
			"children": [0, 1, 2]
		}
	]
}