{
	"credit": "Made with Blockbench",
	"textures": {
		"0": "blockbench/diamond_pickaxe",
		"particle": "blockbench/diamond_pickaxe"
	},
	"elements": [
		{
			"name": "diamond_pickaxe_0",
			"from": [6, 0, 2],
			"to": [11, 1, 5],
			"rotation": {"angle": 0, "axis": "y", "origin": [9.15, 0.525, 8.15]},
			"faces": {
				"north": {"uv": [11, 2, 6, 3], "texture": "#0"},
				"east": {"uv": [10, 2, 11, 5], "rotation": 90, "texture": "#0"},
				"south": {"uv": [6, 4, 11, 5], "texture": "#0"},
				"west": {"uv": [6, 2, 7, 5], "rotation": 270, "texture": "#0"},
				"up": {"uv": [6, 2, 11, 5], "texture": "#0"},
				"down": {"uv": [6, 5, 11, 2], "texture": "#0"}
			}
		},
		{
			"name": "diamond_pickaxe_1",
			"from": [5, 0, 3],
			"to": [6, 1, 4],
			"rotation": {"angle": 0, "axis": "y", "origin": [9.15, 0.525, 8.15]},
			"faces": {
				"north": {"uv": [6, 3, 5, 4], "texture": "#0"},
				"east": {"uv": [5, 3, 6, 4], "rotation": 90, "texture": "#0"},
				"south": {"uv": [5, 3, 6, 4], "texture": "#0"},
				"west": {"uv": [5, 3, 6, 4], "rotation": 270, "texture": "#0"},
				"up": {"uv": [5, 3, 6, 4], "texture": "#0"},
				"down": {"uv": [5, 4, 6, 3], "texture": "#0"}
			}
		},
		{
			"name": "diamond_pickaxe_2",
			"from": [11, 0, 3],
			"to": [14, 1, 7],
			"rotation": {"angle": 0, "axis": "y", "origin": [9.15, 0.525, 8.15]},
			"faces": {
				"north": {"uv": [14, 3, 11, 4], "texture": "#0"},
				"east": {"uv": [13, 3, 14, 7], "rotation": 90, "texture": "#0"},
				"south": {"uv": [11, 6, 14, 7], "texture": "#0"},
				"west": {"uv": [11, 3, 12, 7], "rotation": 270, "texture": "#0"},
				"up": {"uv": [11, 3, 14, 7], "texture": "#0"},
				"down": {"uv": [11, 7, 14, 3], "texture": "#0"}
			}
		},
		{
			"name": "diamond_pickaxe_3",
			"from": [10, 0, 5],
			"to": [11, 1, 8],
			"rotation": {"angle": 0, "axis": "y", "origin": [9.15, 0.525, 8.15]},
			"faces": {
				"north": {"uv": [11, 5, 10, 6], "texture": "#0"},
				"east": {"uv": [10, 5, 11, 8], "rotation": 90, "texture": "#0"},
				"south": {"uv": [10, 7, 11, 8], "texture": "#0"},
				"west": {"uv": [10, 5, 11, 8], "rotation": 270, "texture": "#0"},
				"up": {"uv": [10, 5, 11, 8], "texture": "#0"},
				"down": {"uv": [10, 8, 11, 5], "texture": "#0"}
			}
		},
		{
			"name": "diamond_pickaxe_4",
			"from": [9, 0, 6],
			"to": [10, 1, 9],
			"rotation": {"angle": 0, "axis": "y", "origin": [9.15, 0.525, 8.15]},
			"faces": {
				"north": {"uv": [10, 6, 9, 7], "texture": "#0"},
				"east": {"uv": [9, 6, 10, 9], "rotation": 90, "texture": "#0"},
				"south": {"uv": [9, 8, 10, 9], "texture": "#0"},
				"west": {"uv": [9, 6, 10, 9], "rotation": 270, "texture": "#0"},
				"up": {"uv": [9, 6, 10, 9], "texture": "#0"},
				"down": {"uv": [9, 9, 10, 6], "texture": "#0"}
			}
		},
		{
			"name": "diamond_pickaxe_5",
			"from": [14, 0, 6],
			"to": [15, 1, 11],
			"rotation": {"angle": 0, "axis": "y", "origin": [9.15, 0.525, 8.15]},
			"faces": {
				"north": {"uv": [15, 6, 14, 7], "texture": "#0"},
				"east": {"uv": [14, 6, 15, 11], "rotation": 90, "texture": "#0"},
				"south": {"uv": [14, 10, 15, 11], "texture": "#0"},
				"west": {"uv": [14, 6, 15, 11], "rotation": 270, "texture": "#0"},
				"up": {"uv": [14, 6, 15, 11], "texture": "#0"},
				"down": {"uv": [14, 11, 15, 6], "texture": "#0"}
			}
		},
		{
			"name": "diamond_pickaxe_6",
			"from": [8, 0, 7],
			"to": [9, 1, 10],
			"rotation": {"angle": 0, "axis": "y", "origin": [9.15, 0.525, 8.15]},
			"faces": {
				"north": {"uv": [9, 7, 8, 8], "texture": "#0"},
				"east": {"uv": [8, 7, 9, 10], "rotation": 90, "texture": "#0"},
				"south": {"uv": [8, 9, 9, 10], "texture": "#0"},
				"west": {"uv": [8, 7, 9, 10], "rotation": 270, "texture": "#0"},
				"up": {"uv": [8, 7, 9, 10], "texture": "#0"},
				"down": {"uv": [8, 10, 9, 7], "texture": "#0"}
			}
		},
		{
			"name": "diamond_pickaxe_7",
			"from": [12, 0, 7],
			"to": [14, 1, 11],
			"rotation": {"angle": 0, "axis": "y", "origin": [9.15, 0.525, 8.15]},
			"faces": {
				"north": {"uv": [14, 7, 12, 8], "texture": "#0"},
				"east": {"uv": [13, 7, 14, 11], "rotation": 90, "texture": "#0"},
				"south": {"uv": [12, 10, 14, 11], "texture": "#0"},
				"west": {"uv": [12, 7, 13, 11], "rotation": 270, "texture": "#0"},
				"up": {"uv": [12, 7, 14, 11], "texture": "#0"},
				"down": {"uv": [12, 11, 14, 7], "texture": "#0"}
			}
		},
		{
			"name": "diamond_pickaxe_8",
			"from": [7, 0, 8],
			"to": [8, 1, 11],
			"rotation": {"angle": 0, "axis": "y", "origin": [9.15, 0.525, 8.15]},
			"faces": {
				"north": {"uv": [8, 8, 7, 9], "texture": "#0"},
				"east": {"uv": [7, 8, 8, 11], "rotation": 90, "texture": "#0"},
				"south": {"uv": [7, 10, 8, 11], "texture": "#0"},
				"west": {"uv": [7, 8, 8, 11], "rotation": 270, "texture": "#0"},
				"up": {"uv": [7, 8, 8, 11], "texture": "#0"},
				"down": {"uv": [7, 11, 8, 8], "texture": "#0"}
			}
		},
		{
			"name": "diamond_pickaxe_9",
			"from": [6, 0, 9],
			"to": [7, 1, 12],
			"rotation": {"angle": 0, "axis": "y", "origin": [9.15, 0.525, 8.15]},
			"faces": {
				"north": {"uv": [7, 9, 6, 10], "texture": "#0"},
				"east": {"uv": [6, 9, 7, 12], "rotation": 90, "texture": "#0"},
				"south": {"uv": [6, 11, 7, 12], "texture": "#0"},
				"west": {"uv": [6, 9, 7, 12], "rotation": 270, "texture": "#0"},
				"up": {"uv": [6, 9, 7, 12], "texture": "#0"},
				"down": {"uv": [6, 12, 7, 9], "texture": "#0"}
			}
		},
		{
			"name": "diamond_pickaxe_10",
			"from": [5, 0, 10],
			"to": [6, 1, 13],
			"rotation": {"angle": 0, "axis": "y", "origin": [9.15, 0.525, 8.15]},
			"faces": {
				"north": {"uv": [6, 10, 5, 11], "texture": "#0"},
				"east": {"uv": [5, 10, 6, 13], "rotation": 90, "texture": "#0"},
				"south": {"uv": [5, 12, 6, 13], "texture": "#0"},
				"west": {"uv": [5, 10, 6, 13], "rotation": 270, "texture": "#0"},
				"up": {"uv": [5, 10, 6, 13], "texture": "#0"},
				"down": {"uv": [5, 13, 6, 10], "texture": "#0"}
			}
		},
		{
			"name": "diamond_pickaxe_11",
			"from": [4, 0, 11],
			"to": [5, 1, 14],
			"rotation": {"angle": 0, "axis": "y", "origin": [9.15, 0.525, 8.15]},
			"faces": {
				"north": {"uv": [5, 11, 4, 12], "texture": "#0"},
				"east": {"uv": [4, 11, 5, 14], "rotation": 90, "texture": "#0"},
				"south": {"uv": [4, 13, 5, 14], "texture": "#0"},
				"west": {"uv": [4, 11, 5, 14], "rotation": 270, "texture": "#0"},
				"up": {"uv": [4, 11, 5, 14], "texture": "#0"},
				"down": {"uv": [4, 14, 5, 11], "texture": "#0"}
			}
		},
		{
			"name": "diamond_pickaxe_12",
			"from": [13, 0, 11],
			"to": [14, 1, 12],
			"rotation": {"angle": 0, "axis": "y", "origin": [9.15, 0.525, 8.15]},
			"faces": {
				"north": {"uv": [14, 11, 13, 12], "texture": "#0"},
				"east": {"uv": [13, 11, 14, 12], "rotation": 90, "texture": "#0"},
				"south": {"uv": [13, 11, 14, 12], "texture": "#0"},
				"west": {"uv": [13, 11, 14, 12], "rotation": 270, "texture": "#0"},
				"up": {"uv": [13, 11, 14, 12], "texture": "#0"},
				"down": {"uv": [13, 12, 14, 11], "texture": "#0"}
			}
		},
		{
			"name": "diamond_pickaxe_13",
			"from": [3, 0, 12],
			"to": [4, 1, 15],
			"rotation": {"angle": 0, "axis": "y", "origin": [9.15, 0.525, 8.15]},
			"faces": {
				"north": {"uv": [4, 12, 3, 13], "texture": "#0"},
				"east": {"uv": [3, 12, 4, 15], "rotation": 90, "texture": "#0"},
				"south": {"uv": [3, 14, 4, 15], "texture": "#0"},
				"west": {"uv": [3, 12, 4, 15], "rotation": 270, "texture": "#0"},
				"up": {"uv": [3, 12, 4, 15], "texture": "#0"},
				"down": {"uv": [3, 15, 4, 12], "texture": "#0"}
			}
		},
		{
			"name": "diamond_pickaxe_14",
			"from": [2, 0, 13],
			"to": [3, 1, 15],
			"rotation": {"angle": 0, "axis": "y", "origin": [9.15, 0.525, 8.15]},
			"faces": {
				"north": {"uv": [3, 13, 2, 14], "texture": "#0"},
				"east": {"uv": [2, 13, 3, 15], "rotation": 90, "texture": "#0"},
				"south": {"uv": [2, 14, 3, 15], "texture": "#0"},
				"west": {"uv": [2, 13, 3, 15], "rotation": 270, "texture": "#0"},
				"up": {"uv": [2, 13, 3, 15], "texture": "#0"},
				"down": {"uv": [2, 15, 3, 13], "texture": "#0"}
			}
		},
		{
			"from": [6, -0.5, 3],
			"to": [11, 1.5, 4],
			"rotation": {"angle": 0, "axis": "y", "origin": [9.15, 0.525, 8.15]},
			"faces": {
				"north": {"uv": [6, 3, 11, 4], "texture": "#0"},
				"east": {"uv": [6, 3, 11, 4], "texture": "#0"},
				"south": {"uv": [6, 3, 11, 4], "texture": "#0"},
				"west": {"uv": [6, 3, 11, 4], "texture": "#0"},
				"up": {"uv": [6, 3, 11, 4], "texture": "#0"},
				"down": {"uv": [6, 3, 11, 4], "texture": "#0"}
			}
		},
		{
			"from": [13, -0.5, 6],
			"to": [14, 1.5, 11],
			"rotation": {"angle": 0, "axis": "y", "origin": [9.15, 0.525, 8.15]},
			"faces": {
				"north": {"uv": [6, 3, 11, 4], "texture": "#0"},
				"east": {"uv": [6, 3, 11, 4], "texture": "#0"},
				"south": {"uv": [6, 3, 11, 4], "texture": "#0"},
				"west": {"uv": [6, 3, 11, 4], "texture": "#0"},
				"up": {"uv": [6, 3, 11, 4], "rotation": 270, "texture": "#0"},
				"down": {"uv": [6, 3, 11, 4], "rotation": 90, "texture": "#0"}
			}
		},
		{
			"from": [12, -0.5, 5],
			"to": [13, 1.5, 7],
			"rotation": {"angle": 0, "axis": "y", "origin": [9.15, 0.525, 8.15]},
			"faces": {
				"north": {"uv": [12, 5, 13, 7], "texture": "#0"},
				"east": {"uv": [12, 5, 13, 7], "texture": "#0"},
				"south": {"uv": [12, 5, 13, 7], "texture": "#0"},
				"west": {"uv": [12, 5, 13, 7], "texture": "#0"},
				"up": {"uv": [12, 5, 13, 7], "texture": "#0"},
				"down": {"uv": [12, 5, 13, 7], "texture": "#0"}
			}
		},
		{
			"from": [10, -0.5, 4],
			"to": [12, 1.5, 5],
			"rotation": {"angle": 0, "axis": "y", "origin": [9.15, 0.525, 8.15]},
			"faces": {
				"north": {"uv": [10, 4, 12, 5], "texture": "#0"},
				"east": {"uv": [10, 4, 12, 5], "texture": "#0"},
				"south": {"uv": [10, 4, 12, 5], "texture": "#0"},
				"west": {"uv": [10, 4, 12, 5], "texture": "#0"},
				"up": {"uv": [10, 4, 12, 5], "rotation": 270, "texture": "#0"},
				"down": {"uv": [10, 4, 12, 5], "rotation": 180, "texture": "#0"}
			}
		},
		{
			"from": [11, 0.5, 5],
			"to": [12, 1.5, 6],
			"rotation": {"angle": 0, "axis": "y", "origin": [9.15, 0.525, 8.15]},
			"faces": {
				"north": {"uv": [11, 5, 12, 6], "texture": "#0"},
				"east": {"uv": [11, 5, 12, 6], "texture": "#0"},
				"south": {"uv": [11, 5, 12, 6], "texture": "#0"},
				"west": {"uv": [11, 5, 12, 6], "texture": "#0"},
				"up": {"uv": [11, 5, 12, 6], "texture": "#0"},
				"down": {"uv": [11, 5, 12, 6], "texture": "#0"}
			}
		}
	],
	"display": {
		"thirdperson_righthand": {
			"rotation": [-40, 0, 90],
			"translation": [-4, -2.25, -1.5],
			"scale": [0.5, 0.5, 0.5]
		},
		"thirdperson_lefthand": {
			"rotation": [-40, 0, -90],
			"translation": [4, -2.25, -1.5],
			"scale": [0.5, 0.5, 0.5]
		},
		"firstperson_righthand": {
			"rotation": [0, 0, 90],
			"translation": [-5.75, 1.25, 2.5]
		},
		"firstperson_lefthand": {
			"rotation": [0, 0, -90],
			"translation": [7.5, 1.25, 2.5]
		},
		"ground": {
			"translation": [0, 4.75, 0]
		},
		"gui": {
			"rotation": [5, 98, 74],
			"translation": [0.25, 0.5, 0]
		},
		"head": {
			"rotation": [90, 0, 0],
			"translation": [-9.5, 5.25, 7.75]
		},
		"fixed": {
			"rotation": [90, 0, 0],
			"translation": [-1.25, 0.25, 6.75]
		}
	},
	"groups": [
		{
			"name": "diamond_pickaxe",
			"origin": [8, 8, 8],
			"color": 0,
			"children": [0, 1, 2, 3, 4, 5, 6, 7, 8, 9, 10, 11, 12, 13, 14]
		},
		{
			"name": "3D",
			"origin": [11.5, 1, 5.5],
			"color": 0,
			"children": [15, 16, 17, 18, 19]
		}
	]
}