{
	"credit": "Made with Blockbench",
	"textures": {
		"1": "./blockbench/bird1",
		"2": "./blockbench/bird2",
		"3": "./blockbench/bird3",
		"4": "./blockbench/bird4",
		"particle": "./blockbench/bird2"
	},
	"elements": [
		{
			"from": [6.5, 10.75, 1.25],
			"to": [10.25, 13.75, 4.25],
			"rotation": {"angle": 0, "axis": "y", "origin": [0, 0, -3]},
			"faces": {
				"north": {"uv": [0, 0, 4, 3], "texture": "#1"},
				"east": {"uv": [0, 6, 3, 9], "texture": "#1"},
				"south": {"uv": [0, 3, 4, 6], "texture": "#1"},
				"west": {"uv": [3, 6, 6, 9], "texture": "#1"},
				"up": {"uv": [8, 3, 4, 0], "texture": "#1"},
				"down": {"uv": [8, 3, 4, 6], "texture": "#1"}
			}
		},
		{
			"from": [7.25, 10, 0],
			"to": [9.25, 12.25, 2],
			"rotation": {"angle": 0, "axis": "y", "origin": [0, 0, -3]},
			"faces": {
				"north": {"uv": [6, 6, 8, 8], "texture": "#1"},
				"east": {"uv": [8, 0, 10, 2], "texture": "#1"},
				"south": {"uv": [8, 2, 10, 4], "texture": "#1"},
				"west": {"uv": [8, 4, 10, 6], "texture": "#1"},
				"up": {"uv": [8, 10, 6, 8], "texture": "#1"},
				"down": {"uv": [10, 6, 8, 8], "texture": "#1"}
			}
		},
		{
			"from": [6, 14.25, 1],
			"to": [8, 14.75, 1.5],
			"rotation": {"angle": -22.5, "axis": "z", "origin": [7, 14.25, 1.25]},
			"faces": {
				"north": {"uv": [8, 8, 10, 9], "texture": "#1"},
				"east": {"uv": [2, 10, 3, 11], "texture": "#1"},
				"south": {"uv": [0, 9, 2, 10], "texture": "#1"},
				"west": {"uv": [10, 2, 11, 3], "texture": "#1"},
				"up": {"uv": [4, 10, 2, 9], "texture": "#1"},
				"down": {"uv": [6, 9, 4, 10], "texture": "#1"}
			}
		},
		{
			"from": [8.5, 13.5, 1],
			"to": [10.5, 14, 1.5],
			"rotation": {"angle": 22.5, "axis": "z", "origin": [9.75, 14.25, 1.25]},
			"faces": {
				"north": {"uv": [8, 9, 10, 10], "texture": "#1"},
				"east": {"uv": [3, 10, 4, 11], "texture": "#1"},
				"south": {"uv": [0, 10, 2, 11], "texture": "#1"},
				"west": {"uv": [10, 3, 11, 4], "texture": "#1"},
				"up": {"uv": [12, 1, 10, 0], "texture": "#1"},
				"down": {"uv": [12, 1, 10, 2], "texture": "#1"}
			}
		},
		{
			"from": [7.5, 7, 10],
			"to": [9.5, 7.5, 16.75],
			"rotation": {"angle": 0, "axis": "x", "origin": [8.375, 7.25, 12.91306]},
			"faces": {
				"north": {"uv": [8.5, 7, 9.5, 7.5], "texture": "#3"},
				"east": {"uv": [8.5, 0, 12, 0.5], "texture": "#3"},
				"south": {"uv": [8.5, 7.5, 9.5, 8], "texture": "#3"},
				"west": {"uv": [8.5, 0.5, 12, 1], "texture": "#3"},
				"up": {"uv": [3, 9, 2, 5.5], "texture": "#3"},
				"down": {"uv": [4, 5.5, 3, 9], "texture": "#3"}
			}
		},
		{
			"from": [8.23759, 7, 9.39536],
			"to": [10.23759, 7.5, 16.14536],
			"rotation": {"angle": 22.5, "axis": "y", "origin": [8.375, 7.25, 12.91306]},
			"faces": {
				"north": {"uv": [8.5, 8, 9.5, 8.5], "texture": "#3"},
				"east": {"uv": [8.5, 1, 12, 1.5], "texture": "#3"},
				"south": {"uv": [8.5, 8.5, 9.5, 9], "texture": "#3"},
				"west": {"uv": [8.5, 1.5, 12, 2], "texture": "#3"},
				"up": {"uv": [7, 7.5, 6, 4], "texture": "#3"},
				"down": {"uv": [1, 7, 0, 10.5], "texture": "#3"}
			}
		},
		{
			"from": [6.51241, 7, 9.39536],
			"to": [8.51241, 7.5, 16.14536],
			"rotation": {"angle": -22.5, "axis": "y", "origin": [8.375, 7.25, 12.91306]},
			"faces": {
				"north": {"uv": [2, 9, 3, 9.5], "texture": "#3"},
				"east": {"uv": [8.5, 2, 12, 2.5], "texture": "#3"},
				"south": {"uv": [3, 9, 4, 9.5], "texture": "#3"},
				"west": {"uv": [8.5, 2.5, 12, 3], "texture": "#3"},
				"up": {"uv": [2, 10.5, 1, 7], "texture": "#3"},
				"down": {"uv": [8, 4, 7, 7.5], "texture": "#3"}
			}
		},
		{
			"from": [6.75, 2.25, 9.5],
			"to": [8, 5.25, 10.75],
			"rotation": {"angle": -45, "axis": "x", "origin": [8.375, 2.875, 8.375]},
			"faces": {
				"north": {"uv": [0, 0, 1, 3], "texture": "#4"},
				"east": {"uv": [1, 0, 2, 3], "texture": "#4"},
				"south": {"uv": [2, 0, 3, 3], "texture": "#4"},
				"west": {"uv": [0, 3, 1, 6], "texture": "#4"},
				"up": {"uv": [7, 1, 6, 0], "texture": "#4"},
				"down": {"uv": [2, 6, 1, 7], "texture": "#4"}
			}
		},
		{
			"from": [8.75, 2.25, 9.5],
			"to": [10, 5.25, 10.75],
			"rotation": {"angle": -45, "axis": "x", "origin": [8.375, 2.875, 8.375]},
			"faces": {
				"north": {"uv": [3, 0, 4, 3], "texture": "#4"},
				"east": {"uv": [1, 3, 2, 6], "texture": "#4"},
				"south": {"uv": [2, 3, 3, 6], "texture": "#4"},
				"west": {"uv": [3, 3, 4, 6], "texture": "#4"},
				"up": {"uv": [7, 2, 6, 1], "texture": "#4"},
				"down": {"uv": [3, 6, 2, 7], "texture": "#4"}
			}
		},
		{
			"from": [8.75, 1.75, 8.5],
			"to": [10, 2.25, 10.75],
			"rotation": {"angle": -45, "axis": "x", "origin": [8.375, 2.875, 8.375]},
			"faces": {
				"north": {"uv": [3, 6, 4, 7], "texture": "#4"},
				"east": {"uv": [4, 0, 6, 1], "texture": "#4"},
				"south": {"uv": [4, 6, 5, 7], "texture": "#4"},
				"west": {"uv": [4, 1, 6, 2], "texture": "#4"},
				"up": {"uv": [5, 4, 4, 2], "texture": "#4"},
				"down": {"uv": [5, 4, 4, 6], "texture": "#4"}
			}
		},
		{
			"from": [6.75, 1.75, 8.5],
			"to": [8, 2.25, 10.75],
			"rotation": {"angle": -45, "axis": "x", "origin": [8.375, 2.875, 8.375]},
			"faces": {
				"north": {"uv": [6, 4, 7, 5], "texture": "#4"},
				"east": {"uv": [5, 2, 7, 3], "texture": "#4"},
				"south": {"uv": [5, 6, 6, 7], "texture": "#4"},
				"west": {"uv": [5, 3, 7, 4], "texture": "#4"},
				"up": {"uv": [6, 6, 5, 4], "texture": "#4"},
				"down": {"uv": [1, 6, 0, 8], "texture": "#4"}
			}
		},
		{
			"from": [6.5, 4.5, 4.75],
			"to": [10.25, 11.25, 7.75],
			"rotation": {"angle": -45, "axis": "x", "origin": [8.375, 8.375, 5.75]},
			"faces": {
				"north": {"uv": [0, 0, 2, 3.5], "texture": "#2"},
				"east": {"uv": [0, 3.5, 1.5, 7], "texture": "#2"},
				"south": {"uv": [2, 0, 4, 3.5], "texture": "#2"},
				"west": {"uv": [1.5, 3.5, 3, 7], "texture": "#2"},
				"up": {"uv": [5, 5, 3, 3.5], "texture": "#2"},
				"down": {"uv": [6, 0, 4, 1.5], "texture": "#2"}
			}
		},
		{
			"from": [0.37814, 10.12186, 6],
			"to": [6.87814, 11.12186, 8],
			"rotation": {"angle": 22.5, "axis": "y", "origin": [4.5, 10.62186, 7.10485]},
			"faces": {
				"north": {"uv": [6.5, 7.5, 7, 11], "rotation": 270, "texture": "#3"},
				"east": {"uv": [7.5, 1, 7, 0], "rotation": 90, "texture": "#3"},
				"south": {"uv": [7, 7.5, 7.5, 11], "rotation": 90, "texture": "#3"},
				"west": {"uv": [7.5, 1, 7, 2], "rotation": 90, "texture": "#3"},
				"up": {"uv": [1, 3.5, 2, 7], "rotation": 90, "texture": "#3"},
				"down": {"uv": [0, 3.5, 1, 7], "rotation": 90, "texture": "#3"}
			}
		},
		{
			"from": [1.12186, 10.12186, 6.95971],
			"to": [7.62186, 11.12186, 8.95971],
			"rotation": {"angle": 45, "axis": "y", "origin": [5.37186, 10.62186, 8.20971]},
			"faces": {
				"north": {"uv": [8.5, 0, 8, 3.5], "rotation": 90, "texture": "#3"},
				"east": {"uv": [8.5, 3, 9, 4], "rotation": 270, "texture": "#3"},
				"south": {"uv": [8, 11, 7.5, 7.5], "rotation": 90, "texture": "#3"},
				"west": {"uv": [8.5, 4, 9, 5], "rotation": 90, "texture": "#3"},
				"up": {"uv": [4, 3, 7.5, 4], "rotation": 180, "texture": "#3"},
				"down": {"uv": [4, 2, 7.5, 3], "texture": "#3"}
			}
		},
		{
			"from": [0.37814, 10.12186, 5],
			"to": [6.87814, 11.12186, 7],
			"rotation": {"angle": 0, "axis": "z", "origin": [4.5, 10.62186, 7.10485]},
			"faces": {
				"north": {"uv": [8, 3.5, 8.5, 7], "rotation": 270, "texture": "#3"},
				"east": {"uv": [9, 6, 8.5, 5], "rotation": 90, "texture": "#3"},
				"south": {"uv": [8, 7, 8.5, 10.5], "rotation": 90, "texture": "#3"},
				"west": {"uv": [9, 6, 8.5, 7], "rotation": 90, "texture": "#3"},
				"up": {"uv": [5, 4, 6, 7.5], "rotation": 90, "texture": "#3"},
				"down": {"uv": [4, 4, 5, 7.5], "rotation": 90, "texture": "#3"}
			}
		},
		{
			"from": [10.1755, 10.16468, 4.68097],
			"to": [16.6755, 11.16468, 6.68097],
			"rotation": {"angle": 0, "axis": "z", "origin": [10.5, 7.66468, 7.32011]},
			"faces": {
				"north": {"uv": [7.5, 0, 8, 3.5], "rotation": 90, "texture": "#3"},
				"east": {"uv": [6, 1, 5.5, 2], "rotation": 270, "texture": "#3"},
				"south": {"uv": [4, 7.5, 4.5, 11], "rotation": 270, "texture": "#3"},
				"west": {"uv": [6, 1, 5.5, 0], "rotation": 270, "texture": "#3"},
				"up": {"uv": [0, 0, 1, 3.5], "rotation": 270, "texture": "#3"},
				"down": {"uv": [1, 0, 2, 3.5], "rotation": 270, "texture": "#3"}
			}
		},
		{
			"from": [9.89363, 10.16468, 7.32473],
			"to": [16.39363, 11.16468, 9.32473],
			"rotation": {"angle": -45, "axis": "y", "origin": [12.14363, 10.66468, 6.57473]},
			"faces": {
				"north": {"uv": [5.5, 7.5, 5, 11], "rotation": 270, "texture": "#3"},
				"east": {"uv": [6, 1, 6.5, 2], "rotation": 270, "texture": "#3"},
				"south": {"uv": [5, 11, 4.5, 7.5], "rotation": 270, "texture": "#3"},
				"west": {"uv": [6, 0, 6.5, 1], "rotation": 90, "texture": "#3"},
				"up": {"uv": [2, 0, 5.5, 1], "rotation": 180, "texture": "#3"},
				"down": {"uv": [2, 1, 5.5, 2], "texture": "#3"}
			}
		},
		{
			"from": [10.04282, 10.16468, 6.28537],
			"to": [16.54282, 11.16468, 8.28537],
			"rotation": {"angle": -22.5, "axis": "y", "origin": [13.29282, 10.66468, 6.28537]},
			"faces": {
				"north": {"uv": [5.5, 7.5, 6, 11], "rotation": 90, "texture": "#3"},
				"east": {"uv": [7, 1, 6.5, 2], "rotation": 270, "texture": "#3"},
				"south": {"uv": [6, 7.5, 6.5, 11], "rotation": 270, "texture": "#3"},
				"west": {"uv": [7, 1, 6.5, 0], "rotation": 270, "texture": "#3"},
				"up": {"uv": [2, 2, 3, 5.5], "rotation": 270, "texture": "#3"},
				"down": {"uv": [3, 2, 4, 5.5], "rotation": 270, "texture": "#3"}
			}
		}
	],
	"display": {
		"thirdperson_righthand": {
			"rotation": [42, 0, 0],
			"translation": [0, 10.75, 31]
		},
		"thirdperson_lefthand": {
			"rotation": [95, 0, 0],
			"translation": [0, 10.75, 31]
		},
		"firstperson_righthand": {
			"translation": [3.75, 7, -8.5]
		},
		"firstperson_lefthand": {
			"translation": [3.75, 7, -8.5]
		},
		"gui": {
			"rotation": [51, 79, -94]
		},
		"head": {
			"translation": [9.75, 19, -1.25]
		},
		"fixed": {
			"rotation": [-101, 0, 0],
			"translation": [0, 0, -29]
		}
	},
	"groups": [
		{
			"name": "head",
			"origin": [0, 0, 0],
			"color": 0,
			"children": [0, 1, 2, 3]
		},
		{
			"name": "back fethers",
			"origin": [0, 0, 0],
			"color": 0,
			"children": [4, 5, 6]
		},
		{
			"name": "legs",
			"origin": [0, 0, 0],
			"color": 0,
			"children": [7, 8, 9, 10]
		},
		{
			"name": "body",
			"origin": [0, 0, 0],
			"color": 0,
			"children": [11]
		},
		{
			"name": "left wing",
			"origin": [8, 8, 8],
			"color": 0,
			"children": [12, 13, 14]
		},
		{
			"name": "roght wing",
			"origin": [8, 8, 8],
			"color": 0,
			"children": [15, 16, 17]
		}
	]
}