{
	"credit": "Made with Blockbench",
	"texture_size": [32, 32],
	"textures": {
		"0": "minecraft:theaxo77_srv/holidays/easter/eggs/template"
	},
	"elements": [
		{
			"name": "main",
			"from": [4.2, 1, 5.5],
			"to": [6.2, 3, 7.5],
			"faces": {
				"north": {"uv": [0, 0, 4, 4], "texture": "#0"},
				"east": {"uv": [4, 4, 8, 8], "texture": "#0"},
				"south": {"uv": [0, 4, 4, 8], "texture": "#0"},
				"west": {"uv": [4, 0, 8, 4], "texture": "#0"},
				"up": {"uv": [8, 0, 12, 4], "texture": "#0"},
				"down": {"uv": [8, 4, 12, 8], "texture": "#0"}
			}
		},
		{
			"name": "topper",
			"from": [4.45, 3, 5.75],
			"to": [5.95, 3.5, 7.25],
			"faces": {
				"north": {"uv": [12, 0, 15, 1], "texture": "#0"},
				"east": {"uv": [12, 3, 15, 4], "texture": "#0"},
				"south": {"uv": [12, 2, 15, 3], "texture": "#0"},
				"west": {"uv": [12, 1, 15, 2], "texture": "#0"},
				"up": {"uv": [8.5, 0.5, 11.5, 3.5], "texture": "#0"}
			}
		},
		{
			"name": "top",
			"from": [4.7, 3.5, 6],
			"to": [5.7, 3.75, 7],
			"faces": {
				"north": {"uv": [15, 0, 15.5, 2], "rotation": 90, "texture": "#0"},
				"east": {"uv": [15, 6, 15.5, 8], "rotation": 90, "texture": "#0"},
				"south": {"uv": [15, 4, 15.5, 6], "rotation": 90, "texture": "#0"},
				"west": {"uv": [15, 2, 15.5, 4], "rotation": 90, "texture": "#0"},
				"up": {"uv": [9, 1, 11, 3], "texture": "#0"}
			}
		},
		{
			"name": "botter",
			"from": [4.45, 0.75, 5.75],
			"to": [5.95, 1, 7.25],
			"faces": {
				"north": {"uv": [12, 4, 15, 4.5], "texture": "#0"},
				"east": {"uv": [12, 7, 15, 7.5], "texture": "#0"},
				"south": {"uv": [12, 6, 15, 6.5], "texture": "#0"},
				"west": {"uv": [12, 5, 15, 5.5], "texture": "#0"},
				"down": {"uv": [8.5, 4.5, 11.5, 7.5], "texture": "#0"}
			}
		},
		{
			"name": "bottom_EW",
			"from": [4.45, 0.5, 6],
			"to": [5.95, 0.75, 7],
			"faces": {
				"north": {"uv": [12, 4.5, 15, 5], "texture": "#0"},
				"east": {"uv": [12.5, 8, 14.5, 7.5], "texture": "#0"},
				"south": {"uv": [12, 6.5, 15, 7], "texture": "#0"},
				"west": {"uv": [12.5, 5.5, 14.5, 6], "texture": "#0"},
				"down": {"uv": [9, 4.5, 11, 7.5], "texture": "#0"}
			}
		},
		{
			"name": "bottom_N",
			"from": [4.7, 0.5, 5.75],
			"to": [5.7, 0.75, 6],
			"faces": {
				"north": {"uv": [12.5, 4.5, 14.5, 5], "texture": "#0"},
				"east": {"uv": [14.5, 7.5, 15, 8], "texture": "#0"},
				"west": {"uv": [12, 4.5, 12.5, 5], "texture": "#0"},
				"down": {"uv": [11, 5, 11.5, 7], "texture": "#0"}
			}
		},
		{
			"name": "bottom_S",
			"from": [4.7, 0.5, 7],
			"to": [5.7, 0.75, 7.225],
			"faces": {
				"east": {"uv": [12, 7.5, 12.5, 8], "texture": "#0"},
				"south": {"uv": [12.5, 6.5, 14.5, 7], "texture": "#0"},
				"west": {"uv": [14.5, 5.5, 15, 6], "texture": "#0"},
				"down": {"uv": [8.5, 5, 9, 7], "texture": "#0"}
			}
		}
	],
	"display": {
		"thirdperson_righthand": {
			"rotation": [90, 90, 0],
			"translation": [0, -2, 1.5],
			"scale": [0.75, 0.75, 0.75]
		},
		"thirdperson_lefthand": {
			"rotation": [90, -90, 0],
			"translation": [0, -2, 1.5],
			"scale": [0.75, 0.75, 0.75]
		},
		"firstperson_righthand": {
			"rotation": [0, 90, 0]
		},
		"firstperson_lefthand": {
			"rotation": [0, -90, 0]
		},
		"ground": {
			"translation": [0, 4, 0]
		},
		"gui": {
			"rotation": [0, -72.5, -12.25],
			"translation": [0.5, 5.5, 0],
			"scale": [1.25, 1.25, 1.25]
		},
		"head": {
			"rotation": [0, 90, 0],
			"translation": [0, 14.25, 0]
		},
		"fixed": {
			"rotation": [-90, 90, 0],
			"translation": [0, 0, -15.5],
			"scale": [2, 2, 2]
		}
	},
	"groups": [
		{
			"name": "egg_common",
			"origin": [8, 8, 8],
			"color": 0,
			"children": [0, 1, 2, 3, 4, 5, 6]
		}
	]
}