{
  "parent": "minecraft:item/generated",
  "textures": {
    "layer0": "minecraft:item/armor_stand"
  },
  "overrides": [

      { 
          "predicate": { 
            "custom_model_data": 7720002
          },
          "model": "theaxo77_srv/holidays/easter/easter_bunny_doll"
      },


      { 
          "predicate": { 
            "custom_model_data": 7720003
          },
          "model": "theaxo77_srv/player_dolls/base"
      },
      { 
          "predicate": { 
            "custom_model_data": 7720004
          },
          "model": "theaxo77_srv/player_dolls/_al1ce_85"
      },
      { 
          "predicate": { 
            "custom_model_data": 7720005
          },
          "model": "theaxo77_srv/player_dolls/alberito08"
      },
      { 
          "predicate": { 
            "custom_model_data": 7720006
          },
          "model": "theaxo77_srv/player_dolls/arpe1220"
      },
      { 
          "predicate": { 
            "custom_model_data": 7720007
          },
          "model": "theaxo77_srv/player_dolls/arvidbus_gruvisarvid_1"
      },
      { 
          "predicate": { 
            "custom_model_data": 7720008
          },
          "model": "theaxo77_srv/player_dolls/arvidbus_gruvisarvid_2"
      },
      { 
          "predicate": { 
            "custom_model_data": 7720009
          },
          "model": "theaxo77_srv/player_dolls/astikornipal_"
      },
      { 
          "predicate": { 
            "custom_model_data": 7720010
          },
          "model": "theaxo77_srv/player_dolls/babycaps"
      },
      { 
          "predicate": { 
            "custom_model_data": 7720011
          },
          "model": "theaxo77_srv/player_dolls/bidaro"
      },
      { 
          "predicate": { 
            "custom_model_data": 7720012
          },
          "model": "theaxo77_srv/player_dolls/blockhunter2k61"
      },
      { 
          "predicate": { 
            "custom_model_data": 7720013
          },
          "model": "theaxo77_srv/player_dolls/bluechamel0nt"
      },
      { 
          "predicate": { 
            "custom_model_data": 7720014
          },
          "model": "theaxo77_srv/player_dolls/bolib0mpa"
      },
      { 
          "predicate": { 
            "custom_model_data": 7720015
          },
          "model": "theaxo77_srv/player_dolls/bumblebroo"
      },
      { 
          "predicate": { 
            "custom_model_data": 7720016
          },
          "model": "theaxo77_srv/player_dolls/casperire"
      },
      { 
          "predicate": { 
            "custom_model_data": 7720017
          },
          "model": "theaxo77_srv/player_dolls/charles022"
      },
      { 
          "predicate": { 
            "custom_model_data": 7720018
          },
          "model": "theaxo77_srv/player_dolls/cheesenodels_the_teddybearr_1"
      },
      { 
          "predicate": { 
            "custom_model_data": 7720019
          },
          "model": "theaxo77_srv/player_dolls/cheesenodels_the_teddybearr_2"
      },
      { 
          "predicate": { 
            "custom_model_data": 7720020
          },
          "model": "theaxo77_srv/player_dolls/claarra_jaigraillemasdak_1"
      },
      { 
          "predicate": { 
            "custom_model_data": 7720021
          },
          "model": "theaxo77_srv/player_dolls/claarra_jaigraillemasdak_2"
      },
      { 
          "predicate": { 
            "custom_model_data": 7720022
          },
          "model": "theaxo77_srv/player_dolls/colidsw"
      },
      { 
          "predicate": { 
            "custom_model_data": 7720023
          },
          "model": "theaxo77_srv/player_dolls/daksido06"
      },
      { 
          "predicate": { 
            "custom_model_data": 7720024
          },
          "model": "theaxo77_srv/player_dolls/daksido06_agent"
      },
      { 
          "predicate": { 
            "custom_model_data": 7720025
          },
          "model": "theaxo77_srv/player_dolls/daksido06_alt"
      },
      { 
          "predicate": { 
            "custom_model_data": 7720026
          },
          "model": "theaxo77_srv/player_dolls/daksido06_alt2"
      },
      { 
          "predicate": { 
            "custom_model_data": 7720027
          },
          "model": "theaxo77_srv/player_dolls/daksido06_chr2021btor"
      },
      { 
          "predicate": { 
            "custom_model_data": 7720028
          },
          "model": "theaxo77_srv/player_dolls/daksido06_chr2023btor"
      },
      { 
          "predicate": { 
            "custom_model_data": 7720029
          },
          "model": "theaxo77_srv/player_dolls/daksido06_glittersmp"
      },
      { 
          "predicate": { 
            "custom_model_data": 7720030
          },
          "model": "theaxo77_srv/player_dolls/daksido06_old"
      },
      { 
          "predicate": { 
            "custom_model_data": 7720031
          },
          "model": "theaxo77_srv/player_dolls/daksido06_red"
      },
      { 
          "predicate": { 
            "custom_model_data": 7720032
          },
          "model": "theaxo77_srv/player_dolls/eive06"
      },
      { 
          "predicate": { 
            "custom_model_data": 7720033
          },
          "model": "theaxo77_srv/player_dolls/eliaznizzle"
      },
      { 
          "predicate": { 
            "custom_model_data": 7720034
          },
          "model": "theaxo77_srv/player_dolls/emil08h"
      },
      { 
          "predicate": { 
            "custom_model_data": 7720035
          },
          "model": "theaxo77_srv/player_dolls/faljex"
      },
      { 
          "predicate": { 
            "custom_model_data": 7720036
          },
          "model": "theaxo77_srv/player_dolls/frogmanspelar"
      },
      { 
          "predicate": { 
            "custom_model_data": 7720037
          },
          "model": "theaxo77_srv/player_dolls/fstarkiller0611"
      },
      { 
          "predicate": { 
            "custom_model_data": 7720038
          },
          "model": "theaxo77_srv/player_dolls/gaminggrabben_acke_packe_1"
      },
      { 
          "predicate": { 
            "custom_model_data": 7720039
          },
          "model": "theaxo77_srv/player_dolls/gaminggrabben_acke_packe_2"
      },
      { 
          "predicate": { 
            "custom_model_data": 7720040
          },
          "model": "theaxo77_srv/player_dolls/ghamer"
      },
      { 
          "predicate": { 
            "custom_model_data": 7720041
          },
          "model": "theaxo77_srv/player_dolls/grannenelin"
      },
      { 
          "predicate": { 
            "custom_model_data": 7720042
          },
          "model": "theaxo77_srv/player_dolls/harrebarre1"
      },
      { 
          "predicate": { 
            "custom_model_data": 7720043
          },
          "model": "theaxo77_srv/player_dolls/idusbilmango"
      },
      { 
          "predicate": { 
            "custom_model_data": 7720044
          },
          "model": "theaxo77_srv/player_dolls/ilikeblobblob135_emil08h_alt"
      },
      { 
          "predicate": { 
            "custom_model_data": 7720045
          },
          "model": "theaxo77_srv/player_dolls/jabbadagay"
      },
      { 
          "predicate": { 
            "custom_model_data": 7720046
          },
          "model": "theaxo77_srv/player_dolls/jacusjaworek_jovasiontor_1"
      },
      { 
          "predicate": { 
            "custom_model_data": 7720047
          },
          "model": "theaxo77_srv/player_dolls/jacusjaworek_jovasiontor_2"
      },
      { 
          "predicate": { 
            "custom_model_data": 7720048
          },
          "model": "theaxo77_srv/player_dolls/jojosoh"
      },
      { 
          "predicate": { 
            "custom_model_data": 7720049
          },
          "model": "theaxo77_srv/player_dolls/kaylowws_mivi4_1"
      },
      { 
          "predicate": { 
            "custom_model_data": 7720050
          },
          "model": "theaxo77_srv/player_dolls/kaylowws_mivi4_2"
      },
      { 
          "predicate": { 
            "custom_model_data": 7720051
          },
          "model": "theaxo77_srv/player_dolls/kolibrin_08"
      },
      { 
          "predicate": { 
            "custom_model_data": 7720052
          },
          "model": "theaxo77_srv/player_dolls/kulkakke"
      },
      { 
          "predicate": { 
            "custom_model_data": 7720053
          },
          "model": "theaxo77_srv/player_dolls/limez00z"
      },
      { 
          "predicate": { 
            "custom_model_data": 7720054
          },
          "model": "theaxo77_srv/player_dolls/lucanes"
      },
      { 
          "predicate": { 
            "custom_model_data": 7720055
          },
          "model": "theaxo77_srv/player_dolls/lunispang"
      },
      { 
          "predicate": { 
            "custom_model_data": 7720056
          },
          "model": "theaxo77_srv/player_dolls/mewoui"
      },
      { 
          "predicate": { 
            "custom_model_data": 7720057
          },
          "model": "theaxo77_srv/player_dolls/mo0onish"
      },
      { 
          "predicate": { 
            "custom_model_data": 7720058
          },
          "model": "theaxo77_srv/player_dolls/moa12minecraft"
      },
      { 
          "predicate": { 
            "custom_model_data": 7720059
          },
          "model": "theaxo77_srv/player_dolls/mouseyb"
      },
      { 
          "predicate": { 
            "custom_model_data": 7720060
          },
          "model": "theaxo77_srv/player_dolls/mrprobob"
      },
      { 
          "predicate": { 
            "custom_model_data": 7720061
          },
          "model": "theaxo77_srv/player_dolls/mrspotatis"
      },
      { 
          "predicate": { 
            "custom_model_data": 7720062
          },
          "model": "theaxo77_srv/player_dolls/nimstad"
      },
      { 
          "predicate": { 
            "custom_model_data": 7720063
          },
          "model": "theaxo77_srv/player_dolls/nova_06"
      },
      { 
          "predicate": { 
            "custom_model_data": 7720064
          },
          "model": "theaxo77_srv/player_dolls/pastacarbanana"
      },
      { 
          "predicate": { 
            "custom_model_data": 7720065
          },
          "model": "theaxo77_srv/player_dolls/phille2008"
      },
      { 
          "predicate": { 
            "custom_model_data": 7720066
          },
          "model": "theaxo77_srv/player_dolls/pigiboy200"
      },
      { 
          "predicate": { 
            "custom_model_data": 7720067
          },
          "model": "theaxo77_srv/player_dolls/razz0514"
      },
      { 
          "predicate": { 
            "custom_model_data": 7720068
          },
          "model": "theaxo77_srv/player_dolls/ringokasi09"
      },
      { 
          "predicate": { 
            "custom_model_data": 7720069
          },
          "model": "theaxo77_srv/player_dolls/rymdosten"
      },
      { 
          "predicate": { 
            "custom_model_data": 7720070
          },
          "model": "theaxo77_srv/player_dolls/sparkandekatten"
      },
      { 
          "predicate": { 
            "custom_model_data": 7720071
          },
          "model": "theaxo77_srv/player_dolls/tiwaz1"
      },
      { 
          "predicate": { 
            "custom_model_data": 7720072
          },
          "model": "theaxo77_srv/player_dolls/tor2006"
      },
      { 
          "predicate": { 
            "custom_model_data": 7720073
          },
          "model": "theaxo77_srv/player_dolls/verabanan"
      },
      { 
          "predicate": { 
            "custom_model_data": 7720074
          },
          "model": "theaxo77_srv/player_dolls/vicypig"
      },
      { 
          "predicate": { 
            "custom_model_data": 7720075
          },
          "model": "theaxo77_srv/player_dolls/vicyypig"
      },
      { 
          "predicate": { 
            "custom_model_data": 7720076
          },
          "model": "theaxo77_srv/player_dolls/viktorhagstrand"
      },
      { 
          "predicate": { 
            "custom_model_data": 7720077
          },
          "model": "theaxo77_srv/player_dolls/vm40"
      },
      { 
          "predicate": { 
            "custom_model_data": 7720078
          },
          "model": "theaxo77_srv/player_dolls/weidaschine_ramen_1"
      },
      { 
          "predicate": { 
            "custom_model_data": 7720079
          },
          "model": "theaxo77_srv/player_dolls/weidaschine_ramen_2"
      },
      { 
          "predicate": { 
            "custom_model_data": 7720080
          },
          "model": "theaxo77_srv/player_dolls/welee"
      },
      { 
          "predicate": { 
            "custom_model_data": 7720081
          },
          "model": "theaxo77_srv/player_dolls/wilde3"
      },
      { 
          "predicate": { 
            "custom_model_data": 7720082
          },
          "model": "theaxo77_srv/player_dolls/xtimb0x"
      },
      { 
          "predicate": { 
            "custom_model_data": 7720083
          },
          "model": "theaxo77_srv/player_dolls/your_local_arab_crusader06_1"
      },
      { 
          "predicate": { 
            "custom_model_data": 7720084
          },
          "model": "theaxo77_srv/player_dolls/your_local_arab_crusader06_2"
      },
      { 
          "predicate": { 
            "custom_model_data": 7720085
          },
          "model": "theaxo77_srv/player_dolls/zeszip"
      },
      { 
          "predicate": { 
            "custom_model_data": 7720086
          },
          "model": "theaxo77_srv/player_dolls/noob1337_"
      },
      { 
          "predicate": { 
            "custom_model_data": 7720087
          },
          "model": "theaxo77_srv/player_dolls/emil130"
      },
      { 
          "predicate": { 
            "custom_model_data": 7720088
          },
          "model": "theaxo77_srv/player_dolls/t4agomizer"
      },
      { 
          "predicate": { 
            "custom_model_data": 7720089
          },
          "model": "theaxo77_srv/player_dolls/wolf10000"
      }
  ]
}