{
    "parent": "item/generated",
    "textures": {
        "layer0": "item/bundle"
    },
    "overrides": [

        { 
            "predicate": { 
                "filled": 0.0000001
            }, 
            "model": "item/bundle_filled" 
        },

        {
            "predicate": {
                "custom_model_data": 7720001,
                "filled": 0
            },
            "model": "theaxo77_srv/holidays/easter/basket_empty"
        },

        {
            "predicate": {
                "custom_model_data": 7720001,
                "filled": 0.0000001
            },
            "model": "theaxo77_srv/holidays/easter/basket_filled"
        }
    ]
}
