{
	"credit": "Made with Blockbench",
	"parent": "carved_pumpkin",
	"texture_size": [32, 32],
	"textures": {
		"0": "./blockbench/traffic_cone",
		"particle": "./blockbench/traffic_cone"
	},
	"elements": [
		{
			"from": [3.5, 0, 3.5],
			"to": [12.5, 2, 12.5],
			"faces": {
				"north": {"uv": [4.5, 4, 9, 5], "texture": "#0"},
				"east": {"uv": [4.5, 5, 9, 6], "texture": "#0"},
				"south": {"uv": [4.5, 6, 9, 7], "texture": "#0"},
				"west": {"uv": [4.5, 7, 9, 8], "texture": "#0"},
				"up": {"uv": [4.5, 4.5, 0, 0], "texture": "#0"},
				"down": {"uv": [4.5, 4.5, 0, 9], "texture": "#0"}
			}
		},
		{
			"from": [5, 2, 6],
			"to": [11, 5, 10],
			"faces": {
				"north": {"uv": [7.5, 0, 10.5, 1.5], "texture": "#0"},
				"east": {"uv": [8.5, 8, 10.5, 9.5], "texture": "#0"},
				"south": {"uv": [7.5, 1.5, 10.5, 3], "texture": "#0"},
				"west": {"uv": [0, 9, 2, 10.5], "texture": "#0"},
				"up": {"uv": [7.5, 2, 4.5, 0], "texture": "#0"},
				"down": {"uv": [7.5, 2, 4.5, 4], "texture": "#0"}
			}
		},
		{
			"from": [6, 5, 6],
			"to": [10, 8, 10],
			"faces": {
				"north": {"uv": [2, 9, 4, 10.5], "texture": "#0"},
				"east": {"uv": [9, 3, 11, 4.5], "texture": "#0"},
				"south": {"uv": [9, 4.5, 11, 6], "texture": "#0"},
				"west": {"uv": [9, 6, 11, 7.5], "texture": "#0"},
				"up": {"uv": [6.5, 10, 4.5, 8], "texture": "#0"},
				"down": {"uv": [8.5, 8, 6.5, 10], "texture": "#0"}
			}
		},
		{
			"from": [7, 8, 7],
			"to": [9, 11, 9],
			"faces": {
				"north": {"uv": [10.5, 0, 11.5, 1.5], "texture": "#0"},
				"east": {"uv": [10.5, 1.5, 11.5, 3], "texture": "#0"},
				"south": {"uv": [2, 10.5, 3, 12], "texture": "#0"},
				"west": {"uv": [3, 10.5, 4, 12], "texture": "#0"},
				"up": {"uv": [8.5, 4, 7.5, 3], "texture": "#0"},
				"down": {"uv": [11.5, 7.5, 10.5, 8.5], "texture": "#0"}
			}
		},
		{
			"from": [6, 2, 5],
			"to": [10, 5, 6],
			"faces": {
				"north": {"uv": [8.5, 9.5, 10.5, 11], "texture": "#0"},
				"east": {"uv": [8, 10, 8.5, 11.5], "texture": "#0"},
				"south": {"uv": [4, 10, 6, 11.5], "texture": "#0"},
				"west": {"uv": [10.5, 10.5, 11, 12], "texture": "#0"},
				"up": {"uv": [12.5, 9, 10.5, 8.5], "texture": "#0"},
				"down": {"uv": [12.5, 9, 10.5, 9.5], "texture": "#0"}
			}
		},
		{
			"from": [6, 2, 10],
			"to": [10, 5, 11],
			"faces": {
				"north": {"uv": [6, 10, 8, 11.5], "texture": "#0"},
				"east": {"uv": [11, 3, 11.5, 4.5], "texture": "#0"},
				"south": {"uv": [0, 10.5, 2, 12], "texture": "#0"},
				"west": {"uv": [11, 4.5, 11.5, 6], "texture": "#0"},
				"up": {"uv": [12.5, 10, 10.5, 9.5], "texture": "#0"},
				"down": {"uv": [12.5, 10, 10.5, 10.5], "texture": "#0"}
			}
		}
	],
	"display": {
		"thirdperson_righthand": {
			"translation": [0, 7.5, 0]
		},
		"thirdperson_lefthand": {
			"translation": [0, 7.5, 0]
		},
		"firstperson_righthand": {
			"translation": [0, 5, 0]
		},
		"firstperson_lefthand": {
			"translation": [0, 5, 0]
		},
		"ground": {
			"translation": [0, 3, 0]
		},
		"gui": {
			"rotation": [7, -10.25, 0],
			"translation": [0, 3.75, 0],
			"scale": [1.5, 1.5, 1.5]
		},
		"head": {
			"rotation": [4.5, 0, 0],
			"translation": [0, 20, 1.5],
			"scale": [2, 2, 2]
		}
	}
}