{
	"credit": "Made with Blockbench",
	"texture_size": [128, 128],
	"textures": {
		"0": "./blockbench/moon_orbit",
		"particle": "./blockbench/moon_orbit"
	},
	"elements": [
		{
			"from": [6, 0, -4],
			"to": [10, 4, 0],
			"faces": {
				"north": {"uv": [2, 2, 4, 4], "texture": "#0"},
				"east": {"uv": [0, 2, 2, 4], "texture": "#0"},
				"south": {"uv": [6, 2, 8, 4], "texture": "#0"},
				"west": {"uv": [4, 2, 6, 4], "texture": "#0"},
				"up": {"uv": [2, 0, 4, 1.99999], "rotation": 180, "texture": "#0"},
				"down": {"uv": [2, 4, 4, 6], "texture": "#0"}
			}
		},
		{
			"from": [-4, 0, 6],
			"to": [0, 4, 10],
			"faces": {
				"north": {"uv": [10, 12, 12, 14], "texture": "#0"},
				"east": {"uv": [8, 12, 10, 14], "texture": "#0"},
				"south": {"uv": [14, 12, 16, 14], "texture": "#0"},
				"west": {"uv": [12, 12, 14, 14], "texture": "#0"},
				"up": {"uv": [10, 10, 12, 11.99999], "rotation": 180, "texture": "#0"},
				"down": {"uv": [10, 14, 12, 16], "texture": "#0"}
			}
		},
		{
			"from": [6, 0, 16],
			"to": [10, 4, 20],
			"faces": {
				"north": {"uv": [2, 12, 4, 14], "texture": "#0"},
				"east": {"uv": [0, 12, 2, 14], "texture": "#0"},
				"south": {"uv": [6, 12, 8, 14], "texture": "#0"},
				"west": {"uv": [4, 12, 6, 14], "texture": "#0"},
				"up": {"uv": [2, 10, 4, 11.99999], "rotation": 180, "texture": "#0"},
				"down": {"uv": [2, 14, 4, 16], "texture": "#0"}
			}
		},
		{
			"from": [16, 0, 6],
			"to": [20, 4, 10],
			"faces": {
				"north": {"uv": [10, 2, 12, 4], "texture": "#0"},
				"east": {"uv": [8, 2, 10, 4], "texture": "#0"},
				"south": {"uv": [14, 2, 16, 4], "texture": "#0"},
				"west": {"uv": [12, 2, 14, 4], "texture": "#0"},
				"up": {"uv": [10, 0, 12, 1.99999], "rotation": 180, "texture": "#0"},
				"down": {"uv": [10, 4, 12, 6], "texture": "#0"}
			}
		}
	],
	"display": {
		"thirdperson_righthand": {
			"rotation": [10, 59, 6],
			"translation": [0, 3.5, -0.5],
			"scale": [0.2, 0.2, 0.2]
		},
		"thirdperson_lefthand": {
			"rotation": [10, 59, 6],
			"translation": [0, 3.5, -0.5],
			"scale": [0.2, 0.2, 0.2]
		},
		"firstperson_righthand": {
			"rotation": [0, 16, 0],
			"translation": [0, 4.25, 0],
			"scale": [0.64, 0.64, 0.64]
		},
		"firstperson_lefthand": {
			"rotation": [0, 16, 0],
			"translation": [0, 4.25, 0],
			"scale": [0.64, 0.64, 0.64]
		},
		"ground": {
			"scale": [0.48, 0.48, 0.48]
		},
		"gui": {
			"rotation": [28, -132, -12],
			"scale": [0.52, 0.52, 0.52]
		},
		"head": {
			"translation": [0, 6.5, 0],
			"scale": [1.2, 1.2, 1.2]
		},
		"fixed": {
			"rotation": [-1, 7, -8],
			"translation": [0, 0, -2],
			"scale": [0.48, 0.48, 0.48]
		}
	}
}