{
	"credit": "Made with Blockbench",
	"texture_size": [32, 32],
	"textures": {
		"0": "",
		"1": "",
		"2": "",
		"particle": ""
	},
	"elements": [
		{
			"from": [4, 0, 9],
			"to": [6, 9, 11],
			"rotation": {"angle": 0, "axis": "y", "origin": [8, -7, 7]},
			"faces": {
				"north": {"uv": [0, 0, 1, 4.5], "texture": "#2"},
				"east": {"uv": [1, 0, 2, 4.5], "texture": "#2"},
				"south": {"uv": [2, 0, 3, 4.5], "texture": "#2"},
				"west": {"uv": [3, 0, 4, 4.5], "texture": "#2"},
				"up": {"uv": [5, 5, 4, 4], "texture": "#2"},
				"down": {"uv": [1, 4.5, 0, 5.5], "texture": "#2"}
			}
		},
		{
			"from": [4, 9, 9],
			"to": [13, 11, 11],
			"rotation": {"angle": 0, "axis": "y", "origin": [8, -7, 7]},
			"faces": {
				"north": {"uv": [4, 0, 8.5, 1], "texture": "#2"},
				"east": {"uv": [1, 4.5, 2, 5.5], "texture": "#2"},
				"south": {"uv": [4, 1, 8.5, 2], "texture": "#2"},
				"west": {"uv": [2, 4.5, 3, 5.5], "texture": "#2"},
				"up": {"uv": [8.5, 3, 4, 2], "texture": "#2"},
				"down": {"uv": [8.5, 3, 4, 4], "texture": "#2"}
			}
		},
		{
			"from": [8, 12, 4.1],
			"to": [9, 13, 7.1],
			"rotation": {"angle": 0, "axis": "y", "origin": [8, 8, 3.1]},
			"faces": {
				"north": {"uv": [4, 3, 7, 4], "texture": "#1"},
				"east": {"uv": [4, 3, 7, 4], "texture": "#1"},
				"south": {"uv": [4, 3, 7, 4], "texture": "#1"},
				"west": {"uv": [4, 3, 7, 4], "texture": "#1"},
				"up": {"uv": [4, 3, 7, 4], "texture": "#1"},
				"down": {"uv": [4, 3, 7, 4], "texture": "#1"}
			}
		},
		{
			"from": [6, 14, 4.1],
			"to": [11, 16, 6.1],
			"rotation": {"angle": 0, "axis": "y", "origin": [8, 8, 3.1]},
			"faces": {
				"north": {"uv": [0, 0, 5, 2], "texture": "#0"},
				"east": {"uv": [5, 2, 7, 4], "texture": "#0"},
				"south": {"uv": [0, 2, 5, 4], "texture": "#0"},
				"west": {"uv": [5, 4, 7, 6], "texture": "#0"},
				"up": {"uv": [5, 6, 0, 4], "texture": "#0"},
				"down": {"uv": [10, 0, 5, 2], "texture": "#0"}
			}
		},
		{
			"from": [7, 13, 3.1],
			"to": [10, 17, 7.1],
			"rotation": {"angle": 0, "axis": "y", "origin": [8, -9, 7.1]},
			"faces": {
				"north": {"uv": [4, 0, 7, 4], "texture": "#1"},
				"east": {"uv": [0, 0, 4, 4], "texture": "#1"},
				"south": {"uv": [4, 4, 7, 8], "texture": "#1"},
				"west": {"uv": [0, 4, 4, 8], "texture": "#1"},
				"up": {"uv": [10, 4, 7, 0], "texture": "#1"},
				"down": {"uv": [10, 4, 7, 8], "texture": "#1"}
			}
		},
		{
			"from": [6, 11, 7.1],
			"to": [11, 15, 13.1],
			"rotation": {"angle": 0, "axis": "y", "origin": [8, -9, 7.1]},
			"faces": {
				"north": {"uv": [11, 6, 16, 12], "texture": "#1"},
				"east": {"uv": [11, 6, 16, 12], "texture": "#1"},
				"south": {"uv": [11, 6, 16, 12], "texture": "#1"},
				"west": {"uv": [11, 6, 16, 12], "texture": "#1"},
				"up": {"uv": [11, 6, 16, 12], "texture": "#1"},
				"down": {"uv": [11, 6, 16, 12], "texture": "#1"}
			}
		},
		{
			"from": [9, 9.25, 7.6],
			"to": [11, 11.25, 8.6],
			"rotation": {"angle": -22.5, "axis": "x", "origin": [8.5, 10, 7.6]},
			"faces": {
				"north": {"uv": [3, 1, 5, 2], "texture": "#1"},
				"east": {"uv": [3, 1, 5, 2], "texture": "#1"},
				"south": {"uv": [3, 1, 5, 2], "texture": "#1"},
				"west": {"uv": [3, 1, 5, 2], "texture": "#1"},
				"up": {"uv": [3, 1, 5, 2], "texture": "#1"},
				"down": {"uv": [3, 1, 5, 2], "texture": "#1"}
			}
		},
		{
			"from": [6, 9.25, 7.6],
			"to": [8, 11.25, 8.6],
			"rotation": {"angle": -22.5, "axis": "x", "origin": [8.5, 10, 7.6]},
			"faces": {
				"north": {"uv": [3, 1, 5, 2], "texture": "#1"},
				"east": {"uv": [3, 1, 5, 2], "texture": "#1"},
				"south": {"uv": [3, 1, 5, 2], "texture": "#1"},
				"west": {"uv": [3, 1, 5, 2], "texture": "#1"},
				"up": {"uv": [3, 1, 5, 2], "texture": "#1"},
				"down": {"uv": [3, 1, 5, 2], "texture": "#1"}
			}
		},
		{
			"from": [6, 9.6, 11.3],
			"to": [8, 11.6, 12.3],
			"rotation": {"angle": 22.5, "axis": "x", "origin": [8.5, 10, 11.6]},
			"faces": {
				"north": {"uv": [3, 1, 5, 2], "texture": "#1"},
				"east": {"uv": [3, 1, 5, 2], "texture": "#1"},
				"south": {"uv": [3, 1, 5, 2], "texture": "#1"},
				"west": {"uv": [3, 1, 5, 2], "texture": "#1"},
				"up": {"uv": [3, 1, 5, 2], "texture": "#1"},
				"down": {"uv": [3, 1, 5, 2], "texture": "#1"}
			}
		},
		{
			"from": [9, 9.6, 11.3],
			"to": [11, 11.6, 12.3],
			"rotation": {"angle": 22.5, "axis": "x", "origin": [8.5, 10, 11.6]},
			"faces": {
				"north": {"uv": [3, 1, 5, 2], "texture": "#1"},
				"east": {"uv": [3, 1, 5, 2], "texture": "#1"},
				"south": {"uv": [3, 1, 5, 2], "texture": "#1"},
				"west": {"uv": [3, 1, 5, 2], "texture": "#1"},
				"up": {"uv": [3, 1, 5, 2], "texture": "#1"},
				"down": {"uv": [3, 1, 5, 2], "texture": "#1"}
			}
		},
		{
			"from": [8, 2, 13.1],
			"to": [9, 12, 14.1],
			"rotation": {"angle": 0, "axis": "y", "origin": [8, -9, 7.1]},
			"faces": {
				"north": {"uv": [2, 1, 3, 2], "texture": "#1"},
				"east": {"uv": [2, 1, 3, 2], "texture": "#1"},
				"south": {"uv": [2, 1, 3, 2], "texture": "#1"},
				"west": {"uv": [2, 1, 3, 2], "texture": "#1"},
				"up": {"uv": [2, 1, 3, 2], "texture": "#1"},
				"down": {"uv": [2, 1, 3, 2], "texture": "#1"}
			}
		},
		{
			"from": [8, 1, 8.1],
			"to": [9, 2, 13.1],
			"rotation": {"angle": 0, "axis": "y", "origin": [8, -9, 7.1]},
			"faces": {
				"north": {"uv": [6, 5, 7, 10], "texture": "#1"},
				"east": {"uv": [6, 5, 7, 10], "texture": "#1"},
				"south": {"uv": [6, 5, 7, 10], "texture": "#1"},
				"west": {"uv": [6, 5, 7, 10], "texture": "#1"},
				"up": {"uv": [6, 5, 7, 10], "texture": "#1"},
				"down": {"uv": [6, 5, 7, 10], "texture": "#1"}
			}
		},
		{
			"from": [8, 6, 8.1],
			"to": [9, 7, 11.1],
			"rotation": {"angle": 0, "axis": "y", "origin": [8, -9, 7.1]},
			"faces": {
				"north": {"uv": [4, 3, 5, 6], "texture": "#1"},
				"east": {"uv": [4, 3, 5, 6], "texture": "#1"},
				"south": {"uv": [4, 3, 5, 6], "texture": "#1"},
				"west": {"uv": [4, 3, 5, 6], "texture": "#1"},
				"up": {"uv": [4, 3, 5, 6], "texture": "#1"},
				"down": {"uv": [4, 3, 5, 6], "texture": "#1"}
			}
		},
		{
			"from": [8, 2, 7.1],
			"to": [9, 6, 8.1],
			"rotation": {"angle": 0, "axis": "y", "origin": [8, -9, 7.1]},
			"faces": {
				"north": {"uv": [2, 1, 3, 2], "texture": "#1"},
				"east": {"uv": [2, 1, 3, 2], "texture": "#1"},
				"south": {"uv": [2, 1, 3, 2], "texture": "#1"},
				"west": {"uv": [2, 1, 3, 2], "texture": "#1"},
				"up": {"uv": [2, 1, 3, 2], "texture": "#1"},
				"down": {"uv": [2, 1, 3, 2], "texture": "#1"}
			}
		},
		{
			"from": [8, 4, 11.1],
			"to": [9, 6, 12.1],
			"rotation": {"angle": 0, "axis": "y", "origin": [8, -9, 7.1]},
			"faces": {
				"north": {"uv": [2, 1, 3, 2], "texture": "#1"},
				"east": {"uv": [2, 1, 3, 2], "texture": "#1"},
				"south": {"uv": [2, 1, 3, 2], "texture": "#1"},
				"west": {"uv": [2, 1, 3, 2], "texture": "#1"},
				"up": {"uv": [2, 1, 3, 2], "texture": "#1"},
				"down": {"uv": [2, 1, 3, 2], "texture": "#1"}
			}
		},
		{
			"from": [8, 3, 9.1],
			"to": [9, 4, 11.1],
			"rotation": {"angle": 0, "axis": "y", "origin": [8, -9, 7.1]},
			"faces": {
				"north": {"uv": [3, 2, 4, 4], "texture": "#1"},
				"east": {"uv": [3, 2, 4, 4], "texture": "#1"},
				"south": {"uv": [3, 2, 4, 4], "texture": "#1"},
				"west": {"uv": [3, 2, 4, 4], "texture": "#1"},
				"up": {"uv": [3, 2, 4, 4], "texture": "#1"},
				"down": {"uv": [3, 2, 4, 4], "texture": "#1"}
			}
		},
		{
			"from": [8.25, 15, 8],
			"to": [8.75, 15.75, 12.75],
			"faces": {
				"north": {"uv": [0, 0, 2.375, 0.375], "texture": "#1"},
				"east": {"uv": [0, 0, 2.375, 0.375], "texture": "#1"},
				"south": {"uv": [0, 0, 2.375, 0.375], "texture": "#1"},
				"west": {"uv": [0, 0, 2.375, 0.375], "texture": "#1"},
				"up": {"uv": [0, 0, 2.375, 0.375], "texture": "#1"},
				"down": {"uv": [0, 0, 2.375, 0.375], "texture": "#1"}
			}
		},
		{
			"from": [8.25, 17, 4.75],
			"to": [8.75, 17.5, 7],
			"faces": {
				"north": {"uv": [0, 0, 1.125, 0.25], "texture": "#1"},
				"east": {"uv": [0, 0, 1.125, 0.25], "texture": "#1"},
				"south": {"uv": [0, 0, 1.125, 0.25], "texture": "#1"},
				"west": {"uv": [0, 0, 1.125, 0.25], "texture": "#1"},
				"up": {"uv": [0, 0, 1.125, 0.25], "texture": "#1"},
				"down": {"uv": [0, 0, 1.125, 0.25], "texture": "#1"}
			}
		},
		{
			"from": [8.25, 15, 6.75],
			"to": [8.75, 17, 8],
			"faces": {
				"north": {"uv": [0, 0, 0.625, 1], "texture": "#1"},
				"east": {"uv": [0, 0, 0.625, 1], "texture": "#1"},
				"south": {"uv": [0, 0, 0.625, 1], "texture": "#1"},
				"west": {"uv": [0, 0, 0.625, 1], "texture": "#1"},
				"up": {"uv": [0, 0, 0.625, 1], "texture": "#1"},
				"down": {"uv": [0, 0, 0.625, 1], "texture": "#1"}
			}
		}
	],
	"display": {
		"thirdperson_righthand": {
			"translation": [2, 4.5, 1],
			"scale": [0.59, 0.59, 0.59]
		},
		"thirdperson_lefthand": {
			"translation": [-2.25, 4.75, 0],
			"scale": [0.59, 0.59, 0.59]
		},
		"firstperson_righthand": {
			"translation": [-2.25, 4.75, 0],
			"scale": [0.59, 0.59, 0.59]
		},
		"firstperson_lefthand": {
			"translation": [-2.25, 4.75, 0],
			"scale": [0.63, 0.59, 0.59]
		},
		"ground": {
			"translation": [-2.25, 4.75, 0],
			"scale": [0.75, 0.75, 0.75]
		},
		"gui": {
			"rotation": [82, -110, 90],
			"translation": [0, -0.25, -0.5],
			"scale": [0.65, 0.85, 1]
		},
		"head": {
			"translation": [10.5, 3, -1.25],
			"scale": [1.11, 1.11, 1.11]
		},
		"fixed": {
			"rotation": [-90, 0, 0],
			"translation": [0.75, -4, -14],
			"scale": [2, 2, 2]
		}
	},
	"groups": [
		{
			"name": "tree",
			"origin": [8, -7, 7],
			"color": 0,
			"children": [0, 1]
		},
		{
			"name": "head",
			"origin": [8, -9, 7.1],
			"color": 0,
			"children": [2, 3, 4]
		},
		{
			"name": "body",
			"origin": [8, -9, 7.1],
			"color": 0,
			"children": [5]
		},
		{
			"name": "legs",
			"origin": [8.5, 10, 11.6],
			"color": 0,
			"children": [6, 7, 8, 9]
		},
		{
			"name": "tail",
			"origin": [8, -9, 7.1],
			"color": 0,
			"children": [10, 11, 12, 13, 14, 15]
		},
		16,
		17,
		18
	]
}