{
	"credit": "Made with Blockbench",
	"texture_size": [128, 64],
	"textures": {
		"0": "./blockbench/creamy",
		"1": "./blockbench/Harrebarre1",
		"particle": "blockbench/creamy"
	},
	"elements": [
		{
			"name": "leg3",
			"from": [11.26118, 2.85403, -8],
			"to": [25.26118, 6.85403, -4],
			"shade": false,
			"rotation": {"angle": 45, "axis": "y", "origin": [15.26118, 4.85403, -3]},
			"faces": {
				"north": {"uv": [3.625, 8.25, 4.125, 11.75], "rotation": 270, "texture": "#0"},
				"east": {"uv": [3.625, 8.25, 4.125, 11.75], "rotation": 270, "texture": "#0"},
				"south": {"uv": [3.625, 8.25, 4.125, 11.75], "rotation": 270, "texture": "#0"},
				"west": {"uv": [3.625, 8.25, 4.125, 11.75], "rotation": 270, "texture": "#0"},
				"up": {"uv": [3.625, 8.25, 4.125, 11.75], "rotation": 270, "texture": "#0"},
				"down": {"uv": [3.625, 8.25, 4.125, 11.75], "rotation": 270, "texture": "#0"}
			}
		},
		{
			"name": "leg2",
			"from": [-10.18506, 2.47135, -9],
			"to": [3.81494, 6.47135, -5],
			"shade": false,
			"rotation": {"angle": -45, "axis": "y", "origin": [-0.18506, 4.47135, -3]},
			"faces": {
				"north": {"uv": [3.625, 8.25, 4.125, 11.75], "rotation": 270, "texture": "#0"},
				"east": {"uv": [3.625, 8.25, 4.125, 11.75], "rotation": 270, "texture": "#0"},
				"south": {"uv": [3.625, 8.25, 4.125, 11.75], "rotation": 270, "texture": "#0"},
				"west": {"uv": [3.625, 8.25, 4.125, 11.75], "rotation": 270, "texture": "#0"},
				"up": {"uv": [3.625, 8.25, 4.125, 11.75], "rotation": 270, "texture": "#0"},
				"down": {"uv": [3.625, 8.25, 4.125, 11.75], "rotation": 270, "texture": "#0"}
			}
		},
		{
			"name": "leg1",
			"from": [9.5, -3, 6],
			"to": [13.5, 11, 10],
			"shade": false,
			"rotation": {"angle": 0, "axis": "y", "origin": [8, -6, 2]},
			"faces": {
				"north": {"uv": [3.625, 8.25, 4.125, 11.75], "rotation": 270, "texture": "#0"},
				"east": {"uv": [3.625, 8.25, 4.125, 11.75], "rotation": 270, "texture": "#0"},
				"south": {"uv": [3.625, 8.25, 4.125, 11.75], "rotation": 270, "texture": "#0"},
				"west": {"uv": [3.625, 8.25, 4.125, 11.75], "rotation": 270, "texture": "#0"},
				"up": {"uv": [3.625, 8.25, 4.125, 11.75], "rotation": 270, "texture": "#0"},
				"down": {"uv": [3.625, 8.25, 4.125, 11.75], "rotation": 270, "texture": "#0"}
			}
		},
		{
			"name": "leg3",
			"from": [11.26118, 2.85403, -8],
			"to": [25.26118, 6.85403, -4],
			"shade": false,
			"rotation": {"angle": 45, "axis": "y", "origin": [15.26118, 4.85403, -3]},
			"faces": {
				"north": {"uv": [3.625, 8.25, 4.125, 11.75], "rotation": 270, "texture": "#0"},
				"east": {"uv": [3.625, 8.25, 4.125, 11.75], "rotation": 270, "texture": "#0"},
				"south": {"uv": [3.625, 8.25, 4.125, 11.75], "rotation": 270, "texture": "#0"},
				"west": {"uv": [3.625, 8.25, 4.125, 11.75], "rotation": 270, "texture": "#0"},
				"up": {"uv": [3.625, 8.25, 4.125, 11.75], "rotation": 270, "texture": "#0"},
				"down": {"uv": [3.625, 8.25, 4.125, 11.75], "rotation": 270, "texture": "#0"}
			}
		},
		{
			"name": "leg0",
			"from": [2.5, -1, 6],
			"to": [6.5, 13, 10],
			"shade": false,
			"rotation": {"angle": 0, "axis": "y", "origin": [8, -6, 2]},
			"faces": {
				"north": {"uv": [3.625, 8.25, 4.125, 11.75], "rotation": 270, "texture": "#0"},
				"east": {"uv": [3.625, 8.25, 4.125, 11.75], "rotation": 270, "texture": "#0"},
				"south": {"uv": [3.625, 8.25, 4.125, 11.75], "rotation": 270, "texture": "#0"},
				"west": {"uv": [3.625, 8.25, 4.125, 11.75], "rotation": 270, "texture": "#0"},
				"up": {"uv": [3.625, 8.25, 4.125, 11.75], "rotation": 270, "texture": "#0"},
				"down": {"uv": [3.625, 8.25, 4.125, 11.75], "rotation": 270, "texture": "#0"}
			}
		},
		{
			"name": "body",
			"from": [2, 6, -7],
			"to": [14, 16, 11],
			"shade": false,
			"rotation": {"angle": 0, "axis": "x", "origin": [8, 14, 2]},
			"faces": {
				"north": {"uv": [4.875, 0, 6.5, 2.5], "rotation": 180, "texture": "#0"},
				"east": {"uv": [6.5, 2.5, 7.875, 7], "rotation": 270, "texture": "#0"},
				"south": {"uv": [6.5, 0, 7.875, 2.5], "texture": "#0"},
				"west": {"uv": [3.625, 2.5, 4.875, 7], "rotation": 90, "texture": "#0"},
				"up": {"uv": [7.875, 2.5, 9.125, 7], "rotation": 180, "texture": "#0"},
				"down": {"uv": [4.875, 2.5, 6.5, 7], "texture": "#0"}
			}
		},
		{
			"name": "head",
			"from": [6, 21, -14],
			"to": [10, 25, -5],
			"shade": false,
			"rotation": {"angle": 0, "axis": "y", "origin": [8, -6, 2]},
			"faces": {
				"north": {"uv": [1.125, 2.25, 1.625, 3.25], "texture": "#0"},
				"east": {"uv": [0, 2.25, 1.125, 3.25], "texture": "#0"},
				"south": {"uv": [0, 0, 0.125, 0.25], "texture": "#1"},
				"west": {"uv": [1.625, 2.25, 3.375, 3.25], "texture": "#0"},
				"up": {"uv": [1.125, 0, 1.625, 2.25], "texture": "#0"},
				"down": {"uv": [1.625, 0, 2.125, 2.25], "texture": "#0"}
			}
		},
		{
			"name": "head",
			"from": [4, 8, -10],
			"to": [12, 26, -4],
			"shade": false,
			"rotation": {"angle": 0, "axis": "y", "origin": [8, -6, 2]},
			"faces": {
				"north": {"uv": [0.75, 5, 1.75, 9.5], "texture": "#0"},
				"east": {"uv": [0, 5, 0.75, 9.5], "texture": "#0"},
				"south": {"uv": [2.75, 5, 3.5, 9.5], "texture": "#0"},
				"west": {"uv": [1.75, 5, 2.75, 9.5], "texture": "#0"},
				"up": {"uv": [2.375, 0, 2.75, 0.75], "texture": "#0"},
				"down": {"uv": [1.75, 3.5, 2.75, 5], "texture": "#0"}
			}
		},
		{
			"name": "head",
			"from": [4, 26, -8],
			"to": [7, 29, -6],
			"shade": false,
			"rotation": {"angle": 0, "axis": "y", "origin": [8, -6, 2]},
			"faces": {
				"north": {"uv": [2.375, 0, 2.75, 0.5], "texture": "#0"},
				"east": {"uv": [2.375, 0, 2.75, 0.5], "texture": "#0"},
				"south": {"uv": [2.375, 0, 2.75, 0.5], "texture": "#0"},
				"west": {"uv": [2.375, 0, 2.75, 0.5], "texture": "#0"},
				"up": {"uv": [2.375, 0, 2.75, 0.5], "texture": "#0"},
				"down": {"uv": [2.375, 0, 2.75, 0.5], "texture": "#0"}
			}
		},
		{
			"name": "head",
			"from": [9, 26, -8],
			"to": [12, 29, -6],
			"shade": false,
			"rotation": {"angle": 0, "axis": "y", "origin": [8, -6, 2]},
			"faces": {
				"north": {"uv": [2.375, 0, 2.75, 0.5], "texture": "#0"},
				"east": {"uv": [2.375, 0, 2.75, 0.5], "texture": "#0"},
				"south": {"uv": [2.375, 0, 2.75, 0.5], "texture": "#0"},
				"west": {"uv": [2.375, 0, 2.75, 0.5], "texture": "#0"},
				"up": {"uv": [2.375, 0, 2.75, 0.5], "texture": "#0"},
				"down": {"uv": [2.375, 0, 2.75, 0.5], "texture": "#0"}
			}
		},
		{
			"from": [-3, 15, -11],
			"to": [-1, 18, -10],
			"color": 6,
			"faces": {
				"north": {"uv": [0, 0, 0.25, 0.75], "texture": "#1"},
				"east": {"uv": [0, 0, 0.125, 0.75], "texture": "#1"},
				"south": {"uv": [0, 0, 0.25, 0.75], "texture": "#1"},
				"west": {"uv": [0, 0, 0.125, 0.75], "texture": "#1"},
				"up": {"uv": [0, 0, 0.25, 0.25], "texture": "#1"},
				"down": {"uv": [0, 0, 0.25, 0.25], "texture": "#1"}
			}
		},
		{
			"from": [-2, 12, -11],
			"to": [-1, 15, -10],
			"color": 6,
			"faces": {
				"north": {"uv": [0, 0, 0.125, 0.75], "texture": "#1"},
				"east": {"uv": [0, 0, 0.125, 0.75], "texture": "#1"},
				"south": {"uv": [0, 0, 0.125, 0.75], "texture": "#1"},
				"west": {"uv": [0, 0, 0.125, 0.75], "texture": "#1"},
				"up": {"uv": [0, 0, 0.125, 0.25], "texture": "#1"},
				"down": {"uv": [0, 0, 0.125, 0.25], "texture": "#1"}
			}
		},
		{
			"from": [-3, 18, -11.5],
			"to": [-1, 20, -9.5],
			"color": 6,
			"faces": {
				"north": {"uv": [0, 0, 0.25, 0.5], "texture": "#1"},
				"east": {"uv": [0, 0, 0.25, 0.5], "texture": "#1"},
				"south": {"uv": [0, 0, 0.25, 0.5], "texture": "#1"},
				"west": {"uv": [0, 0, 0.25, 0.5], "texture": "#1"},
				"up": {"uv": [0, 0, 0.25, 0.5], "texture": "#1"},
				"down": {"uv": [0, 0, 0.25, 0.5], "texture": "#1"}
			}
		},
		{
			"from": [-1, 15, -11],
			"to": [0, 18, -10],
			"color": 6,
			"faces": {
				"north": {"uv": [0, 0, 0.125, 0.75], "texture": "#1"},
				"east": {"uv": [0, 0, 0.125, 0.75], "texture": "#1"},
				"south": {"uv": [0, 0, 0.125, 0.75], "texture": "#1"},
				"west": {"uv": [0, 0, 0.125, 0.75], "texture": "#1"},
				"up": {"uv": [0, 0, 0.125, 0.25], "texture": "#1"},
				"down": {"uv": [0, 0, 0.125, 0.25], "texture": "#1"}
			}
		},
		{
			"from": [-4, 17, -11],
			"to": [-3, 20, -10],
			"rotation": {"angle": 45, "axis": "z", "origin": [-3.5, 17.5, -10.5]},
			"color": 6,
			"faces": {
				"north": {"uv": [0, 0, 0.125, 0.75], "rotation": 180, "texture": "#1"},
				"east": {"uv": [0, 0, 0.125, 0.75], "rotation": 180, "texture": "#1"},
				"south": {"uv": [0, 0, 0.125, 0.75], "rotation": 180, "texture": "#1"},
				"west": {"uv": [0, 0, 0.125, 0.75], "rotation": 180, "texture": "#1"},
				"up": {"uv": [0, 0, 0.125, 0.25], "texture": "#1"},
				"down": {"uv": [0, 0, 0.125, 0.25], "texture": "#1"}
			}
		},
		{
			"from": [-3, 12, -11],
			"to": [-2, 15, -10],
			"color": 6,
			"faces": {
				"north": {"uv": [0, 0, 0.125, 0.75], "texture": "#1"},
				"east": {"uv": [0, 0, 0.125, 0.75], "texture": "#1"},
				"south": {"uv": [0, 0, 0.125, 0.75], "texture": "#1"},
				"west": {"uv": [0, 0, 0.125, 0.75], "texture": "#1"},
				"up": {"uv": [0, 0, 0.125, 0.25], "texture": "#1"},
				"down": {"uv": [0, 0, 0.125, 0.25], "texture": "#1"}
			}
		}
	],
	"display": {
		"thirdperson_righthand": {
			"scale": [0.5, 0.5, 0.5]
		},
		"thirdperson_lefthand": {
			"scale": [0.5, 0.5, 0.5]
		},
		"firstperson_righthand": {
			"scale": [0.5, 0.5, 0.5]
		},
		"firstperson_lefthand": {
			"scale": [0.5, 0.5, 0.5]
		},
		"ground": {
			"translation": [0.75, 5.25, 1],
			"scale": [0.5, 0.5, 0.5]
		},
		"gui": {
			"rotation": [-16, -161, -28],
			"translation": [-1.5, -3, -0.75],
			"scale": [0.5, 0.5, 0.5]
		},
		"head": {
			"rotation": [4, 7, 1],
			"translation": [0, 8.75, 7.5],
			"scale": [0.5, 0.5, 0.5]
		},
		"fixed": {
			"rotation": [-91, 0, 0],
			"translation": [0, 2, -4.5]
		}
	},
	"groups": [
		{
			"name": "chest1",
			"origin": [-8.5, 21, 3],
			"rotation": [0, 90, 0],
			"color": 0,
			"shade": false,
			"children": []
		},
		{
			"name": "group",
			"origin": [8, 8, 8],
			"color": 0,
			"children": [
				{
					"name": "leg3",
					"origin": [3.5, 14, -5],
					"color": 0,
					"shade": false,
					"children": [0]
				},
				{
					"name": "leg2",
					"origin": [-3.5, 14, -5],
					"color": 0,
					"shade": false,
					"children": [1]
				},
				{
					"name": "leg1",
					"origin": [3.5, 14, 6],
					"color": 0,
					"shade": false,
					"children": [2, 3]
				},
				{
					"name": "leg0",
					"origin": [-3.5, 14, 6],
					"color": 0,
					"shade": false,
					"children": [4]
				},
				{
					"name": "body",
					"origin": [0, 19, 2],
					"color": 0,
					"shade": false,
					"children": [5]
				},
				{
					"name": "head",
					"origin": [0, 17, -6],
					"color": 0,
					"shade": false,
					"children": [6, 7, 8, 9]
				}
			]
		},
		{
			"name": "lil harre",
			"origin": [0, 0, 0],
			"color": 0,
			"children": [10, 11, 12, 13, 14, 15]
		}
	]
}