{
    "parent": "item/generated",
    "textures": {
        "layer0": "item/music_disc_11"
    },
    "overrides": [
        {
            "predicate": {
                "custom_model_data": 1
            },
            "model": "item/music_disc_bohemianrhapsodyqueen"
        },
        {
            "predicate": {
                "custom_model_data": 2
            },
            "model": "item/music_disc_beepbeepimasheepasdfmovies"
        },
        {
            "predicate": {
                "custom_model_data": 3
            },
            "model": "item/music_disc_itsrainingtacosparrygrippboonebum"
        },
        {
            "predicate": {
                "custom_model_data": 4
            },
            "model": "item/music_disc_hoppfulltpianounoffcopyhult"
        },
        {
            "predicate": {
                "custom_model_data": 5
            },
            "model": "item/music_disc_harrelamaharaldwikstrand"
        },
        {
            "predicate": {
                "custom_model_data": 6
            },
            "model": "item/music_disc_caveambientminecraft"
        },
        {
            "predicate": {
                "custom_model_data": 7
            },
            "model": "item/music_disc_nomnomnomminecraft"
        },
        {
            "predicate": {
                "custom_model_data": 8
            },
            "model": "item/music_disc_revengeunknown"
        },
        {
            "predicate": {
                "custom_model_data": 9
            },
            "model": "item/music_disc_shhhhhhhminecraft"
        },
        {
            "predicate": {
                "custom_model_data": 10
            },
            "model": "item/music_disc_thirstyminecraft"
        },
        {
            "predicate": {
                "custom_model_data": 11
            },
            "model": "item/music_disc_dadadadadatorsimon"
        }
    ]
}