{
	"credit": "Made with Blockbench",
	"parent": "carved_pumpkin",
	"textures": {
		"0": "./textures/unicorn_hat",
		"1": "./textures/unicorn_hat_ears",
		"particle": "./textures/unicorn_hat"
	},
	"elements": [
		{
			"from": [7, 6, 7.5],
			"to": [9, 8.75, 10],
			"faces": {
				"north": {"uv": [3, 0, 5, 3], "texture": "#0"},
				"east": {"uv": [0, 0, 3, 3], "texture": "#0"},
				"south": {"uv": [3, 3, 5, 6], "texture": "#0"},
				"west": {"uv": [0, 3, 3, 6], "texture": "#0"},
				"up": {"uv": [7, 3, 5, 0], "texture": "#0"},
				"down": {"uv": [7, 3, 5, 6], "texture": "#0"}
			}
		},
		{
			"from": [7.25, 6, 7],
			"to": [8.75, 7, 7.5],
			"faces": {
				"north": {"uv": [13, 4, 15, 5], "texture": "#0"},
				"east": {"uv": [15, 0, 16, 1], "texture": "#0"},
				"south": {"uv": [5, 13, 7, 14], "texture": "#0"},
				"west": {"uv": [15, 1, 16, 2], "texture": "#0"},
				"up": {"uv": [15, 6, 13, 5], "texture": "#0"},
				"down": {"uv": [9, 13, 7, 14], "texture": "#0"}
			}
		},
		{
			"from": [7, 6, 10],
			"to": [9, 7.75, 12],
			"faces": {
				"north": {"uv": [9, 0, 11, 2], "texture": "#0"},
				"east": {"uv": [2, 9, 4, 11], "texture": "#0"},
				"south": {"uv": [9, 2, 11, 4], "texture": "#0"},
				"west": {"uv": [4, 9, 6, 11], "texture": "#0"},
				"up": {"uv": [11, 6, 9, 4], "texture": "#0"},
				"down": {"uv": [8, 9, 6, 11], "texture": "#0"}
			}
		},
		{
			"from": [7, 6, 12],
			"to": [9, 8.5, 14],
			"faces": {
				"north": {"uv": [0, 6, 2, 9], "texture": "#0"},
				"east": {"uv": [2, 6, 4, 9], "texture": "#0"},
				"south": {"uv": [4, 6, 6, 9], "texture": "#0"},
				"west": {"uv": [6, 6, 8, 9], "texture": "#0"},
				"up": {"uv": [10, 11, 8, 9], "texture": "#0"},
				"down": {"uv": [12, 6, 10, 8], "texture": "#0"}
			}
		},
		{
			"from": [7, 5.25, 14],
			"to": [9, 7.25, 15.25],
			"faces": {
				"north": {"uv": [10, 8, 12, 10], "texture": "#0"},
				"east": {"uv": [9, 13, 10, 15], "texture": "#0"},
				"south": {"uv": [10, 10, 12, 12], "texture": "#0"},
				"west": {"uv": [0, 14, 1, 16], "texture": "#0"},
				"up": {"uv": [16, 3, 14, 2], "texture": "#0"},
				"down": {"uv": [16, 3, 14, 4], "texture": "#0"}
			}
		},
		{
			"from": [7, 3.25, 14],
			"to": [9, 5.25, 15.75],
			"faces": {
				"north": {"uv": [11, 0, 13, 2], "texture": "#0"},
				"east": {"uv": [2, 11, 4, 13], "texture": "#0"},
				"south": {"uv": [11, 2, 13, 4], "texture": "#0"},
				"west": {"uv": [4, 11, 6, 13], "texture": "#0"},
				"up": {"uv": [13, 6, 11, 4], "texture": "#0"},
				"down": {"uv": [8, 11, 6, 13], "texture": "#0"}
			}
		},
		{
			"from": [7, 2, 14],
			"to": [9, 3.25, 15],
			"faces": {
				"north": {"uv": [5, 14, 7, 15], "texture": "#0"},
				"east": {"uv": [2, 15, 3, 16], "texture": "#0"},
				"south": {"uv": [14, 6, 16, 7], "texture": "#0"},
				"west": {"uv": [3, 15, 4, 16], "texture": "#0"},
				"up": {"uv": [9, 15, 7, 14], "texture": "#0"},
				"down": {"uv": [16, 7, 14, 8], "texture": "#0"}
			}
		},
		{
			"from": [7.25, -1.5, 14],
			"to": [8.75, -0.25, 14.75],
			"faces": {
				"north": {"uv": [14, 8, 16, 9], "texture": "#0"},
				"east": {"uv": [4, 15, 5, 16], "texture": "#0"},
				"south": {"uv": [14, 9, 16, 10], "texture": "#0"},
				"west": {"uv": [15, 4, 16, 5], "texture": "#0"},
				"up": {"uv": [12, 15, 10, 14], "texture": "#0"},
				"down": {"uv": [16, 10, 14, 11], "texture": "#0"}
			}
		},
		{
			"from": [7, -0.25, 14],
			"to": [9, 2, 15.5],
			"faces": {
				"north": {"uv": [8, 11, 10, 13], "texture": "#0"},
				"east": {"uv": [0, 12, 2, 14], "texture": "#0"},
				"south": {"uv": [12, 6, 14, 8], "texture": "#0"},
				"west": {"uv": [12, 8, 14, 10], "texture": "#0"},
				"up": {"uv": [12, 14, 10, 12], "texture": "#0"},
				"down": {"uv": [14, 10, 12, 12], "texture": "#0"}
			}
		},
		{
			"from": [7.25, 4.25, 4.25],
			"to": [8.75, 7.25, 5.75],
			"rotation": {"angle": -22.5, "axis": "x", "origin": [8, 8.625, 4.5]},
			"faces": {
				"north": {"uv": [7, 0, 9, 3], "texture": "#0"},
				"east": {"uv": [7, 3, 9, 6], "texture": "#0"},
				"south": {"uv": [8, 6, 10, 9], "texture": "#0"},
				"west": {"uv": [0, 9, 2, 12], "texture": "#0"},
				"up": {"uv": [14, 14, 12, 12], "texture": "#0"},
				"down": {"uv": [15, 0, 13, 2], "texture": "#0"}
			}
		},
		{
			"from": [7.5, 7.25, 4.5],
			"to": [8.5, 9.25, 5.5],
			"rotation": {"angle": -22.5, "axis": "x", "origin": [8, 8.625, 4.5]},
			"faces": {
				"north": {"uv": [1, 14, 2, 16], "texture": "#0"},
				"east": {"uv": [14, 11, 15, 13], "texture": "#0"},
				"south": {"uv": [12, 14, 13, 16], "texture": "#0"},
				"west": {"uv": [13, 14, 14, 16], "texture": "#0"},
				"up": {"uv": [6, 16, 5, 15], "texture": "#0"},
				"down": {"uv": [16, 5, 15, 6], "texture": "#0"}
			}
		},
		{
			"from": [7.75, 9.25, 4.75],
			"to": [8.25, 10.75, 5.25],
			"rotation": {"angle": -22.5, "axis": "x", "origin": [8, 8.625, 4.5]},
			"faces": {
				"north": {"uv": [2, 13, 3, 15], "texture": "#0"},
				"east": {"uv": [13, 2, 14, 4], "texture": "#0"},
				"south": {"uv": [3, 13, 4, 15], "texture": "#0"},
				"west": {"uv": [4, 13, 5, 15], "texture": "#0"},
				"up": {"uv": [15, 14, 14, 13], "texture": "#0"},
				"down": {"uv": [15, 14, 14, 15], "texture": "#0"}
			}
		},
		{
			"from": [4, 6, 11],
			"to": [6, 8, 13],
			"faces": {
				"north": {"uv": [0, 0, 2, 2], "texture": "#1"},
				"east": {"uv": [0, 2, 2, 4], "texture": "#1"},
				"south": {"uv": [2, 0, 4, 2], "texture": "#1"},
				"west": {"uv": [2, 2, 4, 4], "texture": "#1"},
				"up": {"uv": [2, 6, 0, 4], "texture": "#1"},
				"down": {"uv": [6, 0, 4, 2], "texture": "#1"}
			}
		},
		{
			"from": [10, 6, 11],
			"to": [12, 8, 13],
			"faces": {
				"north": {"uv": [2, 4, 4, 6], "texture": "#1"},
				"east": {"uv": [4, 2, 6, 4], "texture": "#1"},
				"south": {"uv": [4, 4, 6, 6], "texture": "#1"},
				"west": {"uv": [0, 6, 2, 8], "texture": "#1"},
				"up": {"uv": [8, 2, 6, 0], "texture": "#1"},
				"down": {"uv": [4, 6, 2, 8], "texture": "#1"}
			}
		}
	],
	"display": {
		"thirdperson_righthand": {
			"rotation": [0, 34.23, 0],
			"translation": [0, 1.75, 0]
		},
		"thirdperson_lefthand": {
			"rotation": [0, 34.23, 0],
			"translation": [0, 1.75, 0]
		},
		"firstperson_righthand": {
			"translation": [0, 2.5, 0]
		},
		"firstperson_lefthand": {
			"translation": [0, 2.5, 0]
		},
		"ground": {
			"rotation": [-27.33, 3.79, -15.5],
			"translation": [0, 2.75, 0]
		},
		"gui": {
			"rotation": [-162.87, 35.73, -178.17],
			"translation": [-1.5, 2.25, 0]
		},
		"head": {
			"translation": [0, 9, -3.25],
			"scale": [1.59, 1.59, 1.59]
		},
		"fixed": {
			"translation": [0, 0, -6.25]
		}
	}
}