{
	"credit": "Made with Blockbench",
	"textures": {
		"0": "blockbench/flower_crown",
		"particle": "blockbench/flower_crown"
	},
	"elements": [
		{
			"name": "head",
			"from": [4, -0.5, 4],
			"to": [12, 7.5, 12],
			"faces": {
				"north": {"uv": [2, 2, 4, 4], "texture": "#0"},
				"east": {"uv": [0, 2, 2, 4], "texture": "#0"},
				"south": {"uv": [6, 2, 8, 4], "texture": "#0"},
				"west": {"uv": [4, 2, 6, 4], "texture": "#0"},
				"up": {"uv": [4, 2, 2, 0], "texture": "#0"},
				"down": {"uv": [6, 0, 4, 2], "texture": "#0"}
			}
		},
		{
			"name": "head_2nd_layer",
			"from": [3.5, -1, 3.5],
			"to": [12.5, 8, 12.5],
			"faces": {
				"north": {"uv": [10, 2, 12, 4], "texture": "#0"},
				"east": {"uv": [8, 2, 10, 4], "texture": "#0"},
				"south": {"uv": [14, 2, 16, 4], "texture": "#0"},
				"west": {"uv": [12, 2, 14, 4], "texture": "#0"},
				"up": {"uv": [12, 2, 10, 0], "texture": "#0"},
				"down": {"uv": [14, 0, 12, 2], "texture": "#0"}
			}
		}
	],
	"display": {
		"thirdperson_righthand": {
			"translation": [0, 2.5, -3.25],
			"scale": [0.88, 0.8, 0.8]
		},
		"thirdperson_lefthand": {
			"translation": [0, 2.5, -3.25],
			"scale": [0.8, 0.8, 0.8]
		},
		"firstperson_righthand": {
			"rotation": [45, 66, 0],
			"translation": [2, 5, 3.5],
			"scale": [0.4, 0.4, 0.4]
		},
		"firstperson_lefthand": {
			"rotation": [45, 66, 0],
			"translation": [2, 5, 3.5],
			"scale": [0.4, 0.4, 0.4]
		},
		"gui": {
			"rotation": [15, 134, 6],
			"translation": [0, 3.75, 0]
		},
		"head": {
			"translation": [0, 7.75, 0],
			"scale": [1.7, 1.7, 1.7]
		},
		"fixed": {
			"translation": [0, 4.5, 0]
		}
	},
	"groups": [
		{
			"name": "steve",
			"origin": [8, 8, 8],
			"color": 0,
			"children": [0, 1]
		}
	]
}