{
	"credit": "Made with Blockbench",
	"textures": {
		"0": "blockbench/sus1",
		"1": "blockbench/sus2"
	},
	"elements": [
		{
			"from": [3.43533, 1.7, 8.30885],
			"to": [7.43533, 9.7, 14.30885],
			"rotation": {"angle": -22.5, "axis": "z", "origin": [5.26866, 5.86667, 11.30885]},
			"faces": {
				"north": {"uv": [2, 4, 4, 8], "texture": "#0"},
				"east": {"uv": [0, 0, 3, 4], "texture": "#0"},
				"south": {"uv": [0, 4, 2, 8], "texture": "#0"},
				"west": {"uv": [3, 0, 6, 4], "texture": "#0"},
				"up": {"uv": [6, 7, 4, 4], "texture": "#0"},
				"down": {"uv": [8, 0, 6, 3], "texture": "#0"}
			}
		},
		{
			"from": [1.43533, 1.7, 9.30885],
			"to": [3.43533, 7.7, 13.30885],
			"rotation": {"angle": -22.5, "axis": "z", "origin": [5.26866, 5.86667, 11.30885]},
			"faces": {
				"north": {"uv": [5, 7, 6, 10], "texture": "#0"},
				"east": {"uv": [6, 3, 8, 6], "texture": "#0"},
				"south": {"uv": [4, 7, 5, 10], "texture": "#0"},
				"west": {"uv": [6, 6, 8, 9], "texture": "#0"},
				"up": {"uv": [9, 3.5, 8, 1.5], "texture": "#0"},
				"down": {"uv": [3, 8, 2, 10], "texture": "#0"}
			}
		},
		{
			"from": [7.43533, 5.7, 9.30885],
			"to": [8.43533, 8.7, 13.30885],
			"rotation": {"angle": -22.5, "axis": "z", "origin": [5.26866, 5.86667, 11.30885]},
			"faces": {
				"north": {"uv": [9, 1.5, 9.5, 3], "texture": "#0"},
				"east": {"uv": [0, 8, 2, 9.5], "texture": "#0"},
				"south": {"uv": [9, 3, 9.5, 4.5], "texture": "#0"},
				"west": {"uv": [8, 0, 10, 1.5], "texture": "#0"},
				"up": {"uv": [9.5, 2.5, 9, 4.5], "texture": "#0"},
				"down": {"uv": [3.5, 8, 4, 10], "texture": "#0"}
			}
		},
		{
			"from": [-1.2, 0, 9.8],
			"to": [0.8, 3, 11.8],
			"rotation": {"angle": 22.5, "axis": "y", "origin": [0, -1, 0]},
			"faces": {
				"north": {"uv": [8, 3.5, 9, 4.5], "texture": "#0"},
				"east": {"uv": [8, 4.5, 9, 5.5], "texture": "#0"},
				"south": {"uv": [8, 5.5, 9, 6.5], "texture": "#0"},
				"west": {"uv": [8, 6.5, 9, 7.5], "texture": "#0"},
				"up": {"uv": [9, 8.5, 8, 7.5], "texture": "#0"},
				"down": {"uv": [9, 8.5, 8, 9.5], "texture": "#0"}
			}
		},
		{
			"from": [-2.2, 0, 11.8],
			"to": [-0.2, 3, 13.8],
			"rotation": {"angle": 22.5, "axis": "y", "origin": [0, -1, 0]},
			"faces": {
				"north": {"uv": [8, 3.5, 9, 4.5], "texture": "#0"},
				"east": {"uv": [8, 4.5, 9, 5.5], "texture": "#0"},
				"south": {"uv": [8, 5.5, 9, 6.5], "texture": "#0"},
				"west": {"uv": [8, 6.5, 9, 7.5], "texture": "#0"},
				"up": {"uv": [9, 8.5, 8, 7.5], "texture": "#0"},
				"down": {"uv": [9, 8.5, 8, 9.5], "texture": "#0"}
			}
		},
		{
			"from": [11.20047, 1.05002, 7.56306],
			"to": [13.20047, 5.05002, 10.56306],
			"rotation": {"angle": -22.5, "axis": "z", "origin": [12.26713, 3.08335, 9.02973]},
			"faces": {
				"north": {"uv": [2, 4, 4, 8], "texture": "#1"},
				"east": {"uv": [3, 0, 6, 4], "texture": "#1"},
				"south": {"uv": [0, 4, 2, 8], "texture": "#1"},
				"west": {"uv": [0, 0, 3, 4], "texture": "#1"},
				"up": {"uv": [6, 7, 4, 4], "rotation": 180, "texture": "#1"},
				"down": {"uv": [8, 0, 6, 3], "rotation": 180, "texture": "#1"}
			}
		},
		{
			"from": [12.90047, 1.15002, 7.96306],
			"to": [13.90047, 4.15002, 9.96306],
			"rotation": {"angle": -22.5, "axis": "z", "origin": [12.26713, 3.08335, 9.02973]},
			"faces": {
				"north": {"uv": [8, 4, 9, 7], "texture": "#1"},
				"east": {"uv": [8, 1, 10, 4], "texture": "#1"},
				"south": {"uv": [9, 4, 10, 7], "texture": "#1"},
				"west": {"uv": [10, 1, 12, 4], "texture": "#1"},
				"up": {"uv": [3, 8, 4, 10], "rotation": 180, "texture": "#1"},
				"down": {"uv": [2, 8, 3, 10], "rotation": 180, "texture": "#1"}
			}
		},
		{
			"from": [10.70047, 3.05002, 8.06306],
			"to": [11.70047, 4.05002, 10.06306],
			"rotation": {"angle": -22.5, "axis": "z", "origin": [12.26713, 3.08335, 9.02973]},
			"faces": {
				"north": {"uv": [7, 5, 8, 6], "texture": "#1"},
				"east": {"uv": [6, 4, 8, 5], "texture": "#1"},
				"south": {"uv": [5, 7, 6, 8], "texture": "#1"},
				"west": {"uv": [6, 3, 8, 4], "texture": "#1"},
				"up": {"uv": [7, 7, 6, 5], "rotation": 180, "texture": "#1"},
				"down": {"uv": [5, 7, 4, 9], "rotation": 180, "texture": "#1"}
			}
		},
		{
			"from": [11.38643, 0, 8.07644],
			"to": [12.38643, 1.5, 9.07644],
			"rotation": {"angle": 0, "axis": "y", "origin": [12.355, 2.12, 9.03144]},
			"faces": {
				"north": {"uv": [7, 7, 8, 8], "texture": "#1"},
				"east": {"uv": [0, 8, 1, 9], "texture": "#1"},
				"south": {"uv": [6, 7, 7, 8], "texture": "#1"},
				"west": {"uv": [7, 6, 8, 7], "texture": "#1"},
				"up": {"uv": [9, 1, 8, 0], "rotation": 180, "texture": "#1"},
				"down": {"uv": [2, 8, 1, 9], "rotation": 180, "texture": "#1"}
			}
		},
		{
			"from": [11.38643, 0, 9.17644],
			"to": [12.38643, 1.5, 10.17644],
			"rotation": {"angle": 0, "axis": "y", "origin": [12.355, 2.12, 9.03144]},
			"faces": {
				"north": {"uv": [7, 7, 8, 8], "texture": "#1"},
				"east": {"uv": [0, 8, 1, 9], "texture": "#1"},
				"south": {"uv": [6, 7, 7, 8], "texture": "#1"},
				"west": {"uv": [7, 6, 8, 7], "texture": "#1"},
				"up": {"uv": [9, 1, 8, 0], "rotation": 180, "texture": "#1"},
				"down": {"uv": [2, 8, 1, 9], "rotation": 180, "texture": "#1"}
			}
		}
	],
	"display": {
		"thirdperson_righthand": {
			"rotation": [0, -21, 20],
			"translation": [0, 0, -1.75],
			"scale": [0.4, 0.4, 0.4]
		},
		"thirdperson_lefthand": {
			"rotation": [0, 21, -20],
			"translation": [0, 0, -1.75],
			"scale": [0.4, 0.4, 0.4]
		},
		"firstperson_righthand": {
			"rotation": [0, -180, 0],
			"translation": [0, 3.75, 3.25],
			"scale": [0.69, 0.69, 0.69]
		},
		"firstperson_lefthand": {
			"translation": [0, 3.75, 0],
			"scale": [0.69, 0.69, 0.69]
		},
		"gui": {
			"rotation": [11, -35, 0],
			"translation": [2, 0.75, 0]
		},
		"head": {
			"rotation": [0, 161, 0],
			"translation": [-1, 13.75, 1.75]
		},
		"fixed": {
			"rotation": [0, -23, 0],
			"translation": [0, 0, -5.75]
		}
	},
	"groups": [
		{
			"name": "bigsus",
			"origin": [0, -1, 0],
			"color": 0,
			"children": [
				{
					"name": "head",
					"origin": [-1.4, -1.3, 0],
					"color": 0,
					"children": [0, 1, 2]
				},
				3,
				4
			]
		},
		{
			"name": "smolsus",
			"origin": [-2.3, 0, -7],
			"color": 0,
			"children": [
				{
					"name": "head2",
					"origin": [-3, 0, -7],
					"color": 0,
					"children": [5, 6, 7]
				},
				8,
				9
			]
		}
	]
}