{
    "model": {
        "type": "minecraft:select",
        "property": "minecraft:display_context",
        "cases": [{
            "when": "gui",
            "model": {
                "type": "minecraft:range_dispatch",
                "property": "minecraft:bundle/fullness",
                "scale": 1,
                "entries": [{
                        "threshold": 0,
                        "model": {
                            "type": "minecraft:model",
                            "model": "minecraft:item/easterpack/basket_empty"
                        }
                    },
                    {
                        "threshold": 0.0000001,
                        "model": {
                            "type": "minecraft:model",
                            "model": "minecraft:item/easterpack/basket_filled"
                        }
                    }
                ]
            }
        }],
        "fallback": {
            "type": "minecraft:range_dispatch",
            "property": "minecraft:bundle/fullness",
            "scale": 1,
            "entries": [{
                    "threshold": 0,
                    "model": {
                        "type": "minecraft:model",
                        "model": "minecraft:item/easterpack/basket_empty"
                    }
                },
                {
                    "threshold": 0.0000001,
                    "model": {
                        "type": "minecraft:model",
                        "model": "minecraft:item/easterpack/basket_filled"
                    }
                }
            ]
        }
    }
}