{
    "model": {
        "type": "minecraft:select",
        "property": "minecraft:component",
        "component": "minecraft:custom_name",
        "cases": [
            {
                "when": "Blue Egg",
                "model": {
                    "type": "minecraft:model",
                    "model": "minecraft:item/common_cit/blue_egg"
                }
            },
            {
                "when": "Blue Striped Egg",
                "model": {
                    "type": "minecraft:model",
                    "model": "minecraft:item/common_cit/blue_striped_egg"
                }
            },
            {
                "when": "Blue Ornate Egg",
                "model": {
                    "type": "minecraft:model",
                    "model": "minecraft:item/common_cit/blue_ornate_egg"
                }
            },
            {
                "when": "Blue Decorated Egg",
                "model": {
                    "type": "minecraft:model",
                    "model": "minecraft:item/common_cit/blue_decorated_egg"
                }
            },
            {
                "when": "Green Egg",
                "model": {
                    "type": "minecraft:model",
                    "model": "minecraft:item/common_cit/green_egg"
                }
            },
            {
                "when": "Green Striped Egg",
                "model": {
                    "type": "minecraft:model",
                    "model": "minecraft:item/common_cit/green_striped_egg"
                }
            },
            {
                "when": "Green Ornate Egg",
                "model": {
                    "type": "minecraft:model",
                    "model": "minecraft:item/common_cit/green_ornate_egg"
                }
            },
            {
                "when": "Green Decorated Egg",
                "model": {
                    "type": "minecraft:model",
                    "model": "minecraft:item/common_cit/green_decorated_egg"
                }
            },
            {
                "when": "Orange Egg",
                "model": {
                    "type": "minecraft:model",
                    "model": "minecraft:item/common_cit/orange_egg"
                }
            },
            {
                "when": "Orange Striped Egg",
                "model": {
                    "type": "minecraft:model",
                    "model": "minecraft:item/common_cit/orange_striped_egg"
                }
            },
            {
                "when": "Orange Ornate Egg",
                "model": {
                    "type": "minecraft:model",
                    "model": "minecraft:item/common_cit/orange_ornate_egg"
                }
            },
            {
                "when": "Orange Decorated Egg",
                "model": {
                    "type": "minecraft:model",
                    "model": "minecraft:item/common_cit/orange_decorated_egg"
                }
            },
            {
                "when": "Purple Egg",
                "model": {
                    "type": "minecraft:model",
                    "model": "minecraft:item/common_cit/purple_egg"
                }
            },
            {
                "when": "Purple Striped Egg",
                "model": {
                    "type": "minecraft:model",
                    "model": "minecraft:item/common_cit/purple_striped_egg"
                }
            },
            {
                "when": "Purple Ornate Egg",
                "model": {
                    "type": "minecraft:model",
                    "model": "minecraft:item/common_cit/purple_ornate_egg"
                }
            },
            {
                "when": "Purple Decorated Egg",
                "model": {
                    "type": "minecraft:model",
                    "model": "minecraft:item/common_cit/purple_decorated_egg"
                }
            },
            {
                "when": "Rainbow Egg",
                "model": {
                    "type": "minecraft:model",
                    "model": "minecraft:item/common_cit/rainbow_egg"
                }
            },
            {
                "when": "Red Egg",
                "model": {
                    "type": "minecraft:model",
                    "model": "minecraft:item/common_cit/red_egg"
                }
            },
            {
                "when": "Red Striped Egg",
                "model": {
                    "type": "minecraft:model",
                    "model": "minecraft:item/common_cit/red_striped_egg"
                }
            },
            {
                "when": "Red Ornate Egg",
                "model": {
                    "type": "minecraft:model",
                    "model": "minecraft:item/common_cit/red_ornate_egg"
                }
            },
            {
                "when": "Red Decorated Egg",
                "model": {
                    "type": "minecraft:model",
                    "model": "minecraft:item/common_cit/red_decorated_egg"
                }
            },
            {
                "when": "Yellow Egg",
                "model": {
                    "type": "minecraft:model",
                    "model": "minecraft:item/common_cit/yellow_egg"
                }
            },
            {
                "when": "Yellow Striped Egg",
                "model": {
                    "type": "minecraft:model",
                    "model": "minecraft:item/common_cit/yellow_striped_egg"
                }
            },
            {
                "when": "Yellow Ornate Egg",
                "model": {
                    "type": "minecraft:model",
                    "model": "minecraft:item/common_cit/yellow_ornate_egg"
                }
            },
            {
                "when": "Yellow Decorated Egg",
                "model": {
                    "type": "minecraft:model",
                    "model": "minecraft:item/common_cit/yellow_decorated_egg"
                }
            }
        ],
        "fallback": {
            "type": "minecraft:model",
            "model": "minecraft:item/egg"
        }
    }
}