{
    "resource_pack_name": "bedrock_server_rsp",
    "texture_name": "atlas.items",
    "texture_data": {
        "holidays_easter_eggs_common": {
            "textures": [
                "textures/items/geyser_custom/holidays/easter/eggs/common.png"
            ]
        },
        "holidays_easter_eggs_cracked": {
            "textures": [
                "textures/items/geyser_custom/holidays/easter/eggs/cracked.png"
            ]
        },
        "holidays_easter_eggs_turtle": {
            "textures": [
                "textures/items/geyser_custom/holidays/easter/eggs/turtle.png"
            ]
        },
        "holidays_easter_eggs_damaged_turtle": {
            "textures": [
                "textures/items/geyser_custom/holidays/easter/eggs/damaged_turtle.png"
            ]
        },
        "holidays_easter_eggs_cracked_turtle": {
            "textures": [
                "textures/items/geyser_custom/holidays/easter/eggs/cracked_turtle.png"
            ]
        },
        "holidays_easter_eggs_chewinggum": {
            "textures": [
                "textures/items/geyser_custom/holidays/easter/eggs/chewinggum.png"
            ]
        },
        "holidays_easter_eggs_minty": {
            "textures": [
                "textures/items/geyser_custom/holidays/easter/eggs/minty.png"
            ]
        },
        "holidays_easter_eggs_azure": {
            "textures": [
                "textures/items/geyser_custom/holidays/easter/eggs/azure.png"
            ]
        },
        "holidays_easter_eggs_togada": {
            "textures": [
                "textures/items/geyser_custom/holidays/easter/eggs/togada.png"
            ]
        },
        "holidays_easter_eggs_stripes": {
            "textures": [
                "textures/items/geyser_custom/holidays/easter/eggs/stripes.png"
            ]
        },
        "holidays_easter_eggs_dusk": {
            "textures": [
                "textures/items/geyser_custom/holidays/easter/eggs/dusk.png"
            ]
        },
        "holidays_easter_eggs_obsidian": {
            "textures": [
                "textures/items/geyser_custom/holidays/easter/eggs/obsidian.png"
            ]
        },
        "holidays_easter_eggs_cry": {
            "textures": [
                "textures/items/geyser_custom/holidays/easter/eggs/cry.png"
            ]
        },
        "holidays_easter_eggs_chocolate": {
            "textures": [
                "textures/items/geyser_custom/holidays/easter/eggs/chocolate.png"
            ]
        },
        "holidays_easter_eggs_wrapped": {
            "textures": [
                "textures/items/geyser_custom/holidays/easter/eggs/wrapped.png"
            ]
        },
        "holidays_easter_eggs_golden": {
            "textures": [
                "textures/items/geyser_custom/holidays/easter/eggs/golden.png"
            ]
        },
        "holidays_easter_eggs_template": {
            "textures": [
                "textures/items/geyser_custom/holidays/easter/eggs/template.png"
            ]
        },
        "holidays_easter_basket": {
            "textures": [
                "textures/items/geyser_custom/holidays/easter/basket_empty.png"
            ]
        },
        "holidays_easter_bunny_doll": {
            "textures": [
                "textures/items/geyser_custom/holidays/easter/yellowbunny.png"
            ]
        }
    }
  }