{
	"credit": "Made with Blockbench",
	"textures": {
		"0": "",
		"particle": ""
	},
	"elements": [
		{
			"from": [-15, 11, 6],
			"to": [-3, 16, 6],
			"rotation": {"angle": 22.5, "axis": "z", "origin": [-1.66667, 13.33333, 6]},
			"faces": {
				"north": {"uv": [0.5, 9, 3.5, 7.75], "rotation": 180, "texture": "#0"},
				"east": {"uv": [0, 0, 0, 5], "texture": "#missing"},
				"south": {"uv": [0.5, 7.75, 3.5, 9], "texture": "#0"},
				"west": {"uv": [0, 0, 0, 5], "texture": "#missing"},
				"up": {"uv": [0, 0, 16, 0], "texture": "#missing"},
				"down": {"uv": [0, 0, 16, 0], "texture": "#missing"}
			}
		},
		{
			"from": [-3, 11, 6],
			"to": [7, 16, 6],
			"rotation": {"angle": 22.5, "axis": "z", "origin": [-1.66667, 13.33333, 6]},
			"faces": {
				"north": {"uv": [0.5, 7.75, 2.75, 6.5], "rotation": 180, "texture": "#0"},
				"east": {"uv": [0, 0, 0, 5], "texture": "#missing"},
				"south": {"uv": [0.5, 6.5, 2.75, 7.75], "texture": "#0"},
				"west": {"uv": [0, 0, 0, 5], "texture": "#missing"},
				"up": {"uv": [0, 0, 16, 0], "texture": "#missing"},
				"down": {"uv": [0, 0, 16, 0], "texture": "#missing"}
			}
		},
		{
			"from": [-3, 11, 2],
			"to": [7, 15, 10],
			"rotation": {"angle": 22.5, "axis": "z", "origin": [-1.66667, 13.33333, 6]},
			"faces": {
				"north": {"uv": [2.5, 5.25, 0, 6.25], "texture": "#0"},
				"east": {"uv": [2.5, 5.25, 4.5, 6.25], "texture": "#0"},
				"south": {"uv": [4.5, 6.25, 6.5, 5.25], "rotation": 180, "texture": "#0"},
				"west": {"uv": [6.5, 5.25, 9, 6.25], "texture": "#0"},
				"up": {"uv": [2.5, 2.75, 4.5, 5.25], "rotation": 270, "texture": "#0"},
				"down": {"uv": [4.5, 2.75, 6.5, 5.25], "rotation": 270, "texture": "#0"}
			}
		},
		{
			"from": [6, 13.5, 2],
			"to": [11, 18.5, 10],
			"faces": {
				"north": {"uv": [3.25, 1.5, 4.5, 2.75], "texture": "#0"},
				"east": {"uv": [1.25, 1.5, 3.25, 2.75], "texture": "#0"},
				"south": {"uv": [0, 1.5, 1.25, 2.75], "texture": "#0"},
				"west": {"uv": [4.5, 1.5, 6.5, 2.75], "texture": "#0"},
				"up": {"uv": [1.25, 1.5, 3.25, 0.25], "rotation": 90, "texture": "#0"},
				"down": {"uv": [3.25, 0.25, 5.25, 1.5], "rotation": 270, "texture": "#0"}
			}
		},
		{
			"from": [7, 13.5, -1],
			"to": [7, 20.5, 13],
			"faces": {
				"north": {"uv": [0, 0, 0, 8], "texture": "#missing"},
				"east": {"uv": [0, 9.25, 3.5, 11.75], "texture": "#0"},
				"south": {"uv": [0, 0, 0, 8], "texture": "#missing"},
				"west": {"uv": [0, 9.25, 3.5, 11.75], "texture": "#0"},
				"up": {"uv": [0, 0, 0, 14], "texture": "#missing"},
				"down": {"uv": [0, 0, 0, 14], "texture": "#missing"}
			}
		},
		{
			"from": [3, 14.5, -2.5],
			"to": [6, 14.5, 2.5],
			"rotation": {"angle": -22.5, "axis": "x", "origin": [4.5, 14.5, 2]},
			"faces": {
				"north": {"uv": [0.5, 3.25, 1.25, 4.5], "rotation": 180, "texture": "#0"},
				"east": {"uv": [0.5, 3.25, 1.25, 4.5], "rotation": 270, "texture": "#0"},
				"south": {"uv": [0.5, 3.25, 1.25, 4.5], "texture": "#0"},
				"west": {"uv": [0.5, 3.25, 1.25, 4.5], "rotation": 90, "texture": "#0"},
				"up": {"uv": [2, 3.25, 1.25, 4.5], "rotation": 180, "texture": "#0"},
				"down": {"uv": [0.5, 3.25, 1.25, 4.5], "texture": "#0"}
			}
		},
		{
			"from": [-3, 11.5, -2.5],
			"to": [0, 11.5, 2.5],
			"rotation": {"angle": 22.5, "axis": "z", "origin": [-1.5, 11.5, 2]},
			"faces": {
				"north": {"uv": [0, 0, 3, 0], "rotation": 180, "texture": "#missing"},
				"east": {"uv": [0, 0, 0, 5], "rotation": 270, "texture": "#missing"},
				"south": {"uv": [0, 0, 3, 0], "texture": "#missing"},
				"west": {"uv": [0, 0, 0, 5], "rotation": 90, "texture": "#missing"},
				"up": {"uv": [1.25, 3.25, 2, 4.5], "rotation": 180, "texture": "#0"},
				"down": {"uv": [1.25, 3.25, 2, 4.5], "texture": "#0"}
			}
		},
		{
			"from": [-3, 11.5, 9.5],
			"to": [0, 11.5, 14.5],
			"rotation": {"angle": 22.5, "axis": "z", "origin": [-1.5, 11.5, 10]},
			"faces": {
				"north": {"uv": [0, 0, 3, 0], "rotation": 180, "texture": "#missing"},
				"east": {"uv": [0, 0, 0, 5], "rotation": 90, "texture": "#missing"},
				"south": {"uv": [0, 0, 3, 0], "texture": "#missing"},
				"west": {"uv": [0, 0, 0, 5], "rotation": 270, "texture": "#missing"},
				"up": {"uv": [1.25, 3.25, 2, 4.5], "texture": "#0"},
				"down": {"uv": [2, 4.5, 1.25, 3.25], "texture": "#0"}
			}
		},
		{
			"from": [4, 14.5, 9.5],
			"to": [7, 14.5, 14.5],
			"rotation": {"angle": 22.5, "axis": "x", "origin": [5.5, 14.5, 10]},
			"faces": {
				"north": {"uv": [0, 0, 3, 0], "rotation": 180, "texture": "#missing"},
				"east": {"uv": [0, 0, 0, 5], "rotation": 90, "texture": "#missing"},
				"south": {"uv": [0, 0, 3, 0], "texture": "#missing"},
				"west": {"uv": [0, 0, 0, 5], "rotation": 270, "texture": "#missing"},
				"up": {"uv": [1.25, 3.25, 2, 4.5], "texture": "#0"},
				"down": {"uv": [2, 4.5, 1.25, 3.25], "texture": "#0"}
			}
		}
	],
	"display": {
		"thirdperson_righthand": {
			"rotation": [0, 89, -19],
			"translation": [1.25, -2.75, 0.25],
			"scale": [0.5, 0.5, 0.5]
		},
		"thirdperson_lefthand": {
			"rotation": [-7, -99, 21],
			"translation": [-0.75, -2.75, 0.25],
			"scale": [0.5, 0.5, 0.5]
		},
		"firstperson_righthand": {
			"rotation": [0, 89, -19],
			"translation": [1.25, -2.75, 0.25],
			"scale": [0.5, 0.5, 0.5]
		},
		"firstperson_lefthand": {
			"rotation": [-7, -99, 21],
			"translation": [-0.75, -2.75, 0.25],
			"scale": [0.5, 0.5, 0.5]
		},
		"ground": {
			"translation": [7.5, 0, 0]
		},
		"gui": {
			"rotation": [-13, -31, 10],
			"translation": [4.5, -1.75, 0.25],
			"scale": [0.7, 0.7, 0.7]
		},
		"head": {
			"rotation": [-17, 84, 0],
			"translation": [2.5, 1.5, -4.75]
		},
		"fixed": {
			"rotation": [0, 89, -100],
			"translation": [2.75, -9.5, 10.25],
			"scale": [2, 2, 2]
		}
	},
	"groups": [
		{
			"name": "group",
			"origin": [8, 8, 8],
			"color": 0,
			"children": [
				{
					"name": "body",
					"origin": [0, 0, 0],
					"color": 0,
					"children": [0, 1, 2]
				},
				{
					"name": "head",
					"origin": [0, 0, 0],
					"color": 0,
					"children": [3, 4]
				},
				{
					"name": "feet",
					"origin": [0, 0, 0],
					"color": 0,
					"children": [5, 6, 7, 8]
				}
			]
		}
	]
}