{
	"credit": "Made with Blockbench",
	"textures": {
		"0": "minecraft:theaxo77_srv/holidays/easter/eggs/dusk",
		"particle": "minecraft:theaxo77_srv/holidays/easter/eggs/dusk"
	},
	"elements": [
		{
			"name": "main",
			"from": [4, 2, 4],
			"to": [12, 10, 12],
			"faces": {
				"north": {"uv": [0, 0, 4, 4], "texture": "#0"},
				"east": {"uv": [4, 4, 8, 8], "texture": "#0"},
				"south": {"uv": [0, 4, 4, 8], "texture": "#0"},
				"west": {"uv": [4, 0, 8, 4], "texture": "#0"},
				"up": {"uv": [8, 0, 12, 4], "texture": "#0"},
				"down": {"uv": [8, 4, 12, 8], "texture": "#0"}
			}
		},
		{
			"name": "topper",
			"from": [5, 10, 5],
			"to": [11, 12, 11],
			"faces": {
				"north": {"uv": [12, 0, 15, 1], "texture": "#0"},
				"east": {"uv": [12, 3, 15, 4], "texture": "#0"},
				"south": {"uv": [12, 2, 15, 3], "texture": "#0"},
				"west": {"uv": [12, 1, 15, 2], "texture": "#0"},
				"up": {"uv": [8.5, 0.5, 11.5, 3.5], "texture": "#0"}
			}
		},
		{
			"name": "top",
			"from": [6, 12, 6],
			"to": [10, 13, 10],
			"faces": {
				"north": {"uv": [15, 0, 15.5, 2], "rotation": 90, "texture": "#0"},
				"east": {"uv": [15, 6, 15.5, 8], "rotation": 90, "texture": "#0"},
				"south": {"uv": [15, 4, 15.5, 6], "rotation": 90, "texture": "#0"},
				"west": {"uv": [15, 2, 15.5, 4], "rotation": 90, "texture": "#0"},
				"up": {"uv": [9, 1, 11, 3], "texture": "#0"}
			}
		},
		{
			"name": "botter",
			"from": [5, 1, 5],
			"to": [11, 2, 11],
			"faces": {
				"north": {"uv": [12, 4, 15, 4.5], "texture": "#0"},
				"east": {"uv": [12, 7, 15, 7.5], "texture": "#0"},
				"south": {"uv": [12, 6, 15, 6.5], "texture": "#0"},
				"west": {"uv": [12, 5, 15, 5.5], "texture": "#0"},
				"down": {"uv": [8.5, 4.5, 11.5, 7.5], "texture": "#0"}
			}
		},
		{
			"name": "bottom_EW",
			"from": [5, 0, 6],
			"to": [11, 1, 10],
			"faces": {
				"north": {"uv": [12, 4.5, 15, 5], "texture": "#0"},
				"east": {"uv": [12.5, 8, 14.5, 7.5], "texture": "#0"},
				"south": {"uv": [12, 6.5, 15, 7], "texture": "#0"},
				"west": {"uv": [12.5, 5.5, 14.5, 6], "texture": "#0"},
				"down": {"uv": [9, 4.5, 11, 7.5], "texture": "#0"}
			}
		},
		{
			"name": "bottom_N",
			"from": [6, 0, 5],
			"to": [10, 1, 6],
			"faces": {
				"north": {"uv": [12.5, 4.5, 14.5, 5], "texture": "#0"},
				"east": {"uv": [14.5, 7.5, 15, 8], "texture": "#0"},
				"west": {"uv": [12, 4.5, 12.5, 5], "texture": "#0"},
				"down": {"uv": [11, 5, 11.5, 7], "texture": "#0"}
			}
		},
		{
			"name": "bottom_S",
			"from": [6, 0, 10],
			"to": [10, 1, 11],
			"faces": {
				"east": {"uv": [12, 7.5, 12.5, 8], "texture": "#0"},
				"south": {"uv": [12.5, 6.5, 14.5, 7], "texture": "#0"},
				"west": {"uv": [14.5, 5.5, 15, 6], "texture": "#0"},
				"down": {"uv": [8.5, 5, 9, 7], "texture": "#0"}
			}
		}
	],
	"display": {
		"thirdperson_righthand": {
			"translation": [0, -1, -2],
			"scale": [0.5, 0.5, 0.5]
		},
		"thirdperson_lefthand": {
			"translation": [0, -1, -2],
			"scale": [0.5, 0.5, 0.5]
		},
		"gui": {
			"rotation": [17, 160, 0],
			"translation": [0, 1.25, 0]
		},
		"head": {
			"translation": [0, 14.5, 0]
		}
	}
}