{
	"credit": "Made with Blockbench",
	"textures": {
		"1": "./blockbench/bookcower",
		"2": "./blockbench/bookpage",
		"4": "./blockbench/nosechipmunk",
		"5": "./blockbench/chipmunk",
		"particle": "./blockbench/bookcower"
	},
	"elements": [
		{
			"from": [6, 9, 14],
			"to": [9, 12, 17],
			"rotation": {"angle": 22.5, "axis": "x", "origin": [7.5, 11.15833, 12.58333]},
			"faces": {
				"north": {"uv": [0, 0, 1.5, 1.5], "texture": "#4"},
				"east": {"uv": [0, 1.5, 1.5, 3], "texture": "#4"},
				"south": {"uv": [1.5, 0, 3, 1.5], "texture": "#4"},
				"west": {"uv": [1.5, 1.5, 3, 3], "texture": "#4"},
				"up": {"uv": [1.5, 4.5, 0, 3], "texture": "#4"},
				"down": {"uv": [4.5, 0, 3, 1.5], "texture": "#4"}
			}
		},
		{
			"from": [6, 11, 17],
			"to": [9, 14, 20],
			"rotation": {"angle": 22.5, "axis": "x", "origin": [7.5, 11.15833, 12.58333]},
			"faces": {
				"north": {"uv": [1.5, 3, 3, 4.5], "texture": "#4"},
				"east": {"uv": [3, 1.5, 4.5, 3], "texture": "#4"},
				"south": {"uv": [3, 3, 4.5, 4.5], "texture": "#4"},
				"west": {"uv": [0, 4.5, 1.5, 6], "texture": "#4"},
				"up": {"uv": [6, 1.5, 4.5, 0], "texture": "#4"},
				"down": {"uv": [3, 4.5, 1.5, 6], "texture": "#4"}
			}
		},
		{
			"from": [7, 8.92349, 8.52397],
			"to": [8, 9.92349, 13.52397],
			"rotation": {"angle": 0, "axis": "x", "origin": [7.5, 9.42349, 13.02397]},
			"faces": {
				"north": {"uv": [4.5, 6.5, 5, 7], "texture": "#4"},
				"east": {"uv": [6, 1, 8.5, 1.5], "texture": "#4"},
				"south": {"uv": [5, 6.5, 5.5, 7], "texture": "#4"},
				"west": {"uv": [1.5, 6, 4, 6.5], "texture": "#4"},
				"up": {"uv": [6.5, 4, 6, 1.5], "texture": "#4"},
				"down": {"uv": [4.5, 6, 4, 8.5], "texture": "#4"}
			}
		},
		{
			"from": [6, 8, 14],
			"to": [7, 9, 15],
			"rotation": {"angle": 22.5, "axis": "x", "origin": [7.5, 11.15833, 12.58333]},
			"faces": {
				"north": {"uv": [5.5, 6.5, 6, 7], "texture": "#4"},
				"east": {"uv": [6.5, 5.5, 7, 6], "texture": "#4"},
				"south": {"uv": [6.5, 6, 7, 6.5], "texture": "#4"},
				"west": {"uv": [6.5, 6.5, 7, 7], "texture": "#4"},
				"up": {"uv": [0.5, 7.5, 0, 7], "texture": "#4"},
				"down": {"uv": [1, 7, 0.5, 7.5], "texture": "#4"}
			}
		},
		{
			"from": [8, 8, 14],
			"to": [9, 9, 15],
			"rotation": {"angle": 22.5, "axis": "x", "origin": [7.5, 11.15833, 12.58333]},
			"faces": {
				"north": {"uv": [1, 7, 1.5, 7.5], "texture": "#4"},
				"east": {"uv": [2, 7, 2.5, 7.5], "texture": "#4"},
				"south": {"uv": [2.5, 7, 3, 7.5], "texture": "#4"},
				"west": {"uv": [3, 7, 3.5, 7.5], "texture": "#4"},
				"up": {"uv": [7.5, 3.5, 7, 3], "texture": "#4"},
				"down": {"uv": [7.5, 3.5, 7, 4], "texture": "#4"}
			}
		},
		{
			"from": [8, 9.7, 17.5],
			"to": [9, 10.7, 18.5],
			"rotation": {"angle": 22.5, "axis": "x", "origin": [7.5, 11.15833, 12.58333]},
			"faces": {
				"north": {"uv": [4.5, 7, 5, 7.5], "texture": "#4"},
				"east": {"uv": [5, 7, 5.5, 7.5], "texture": "#4"},
				"south": {"uv": [5.5, 7, 6, 7.5], "texture": "#4"},
				"west": {"uv": [7, 5.5, 7.5, 6], "texture": "#4"},
				"up": {"uv": [6.5, 7.5, 6, 7], "texture": "#4"},
				"down": {"uv": [7.5, 6, 7, 6.5], "texture": "#4"}
			}
		},
		{
			"from": [6, 9.7, 17.5],
			"to": [7, 10.7, 18.5],
			"rotation": {"angle": 22.5, "axis": "x", "origin": [7.5, 11.15833, 12.58333]},
			"faces": {
				"north": {"uv": [6.5, 7, 7, 7.5], "texture": "#4"},
				"east": {"uv": [7, 6.5, 7.5, 7], "texture": "#4"},
				"south": {"uv": [7, 7, 7.5, 7.5], "texture": "#4"},
				"west": {"uv": [0, 7.5, 0.5, 8], "texture": "#4"},
				"up": {"uv": [8, 0.5, 7.5, 0], "texture": "#4"},
				"down": {"uv": [1, 7.5, 0.5, 8], "texture": "#4"}
			}
		},
		{
			"from": [6, 12, 14.5],
			"to": [9, 12.75, 17],
			"rotation": {"angle": 22.5, "axis": "x", "origin": [7.5, 11.15833, 12.58333]},
			"faces": {
				"north": {"uv": [6, 4, 7.5, 4.5], "texture": "#4"},
				"east": {"uv": [4.5, 6, 6, 6.5], "texture": "#4"},
				"south": {"uv": [6, 4.5, 7.5, 5], "texture": "#4"},
				"west": {"uv": [6, 5, 7.5, 5.5], "texture": "#4"},
				"up": {"uv": [6, 3, 4.5, 1.5], "texture": "#4"},
				"down": {"uv": [4.5, 4.5, 3, 6], "texture": "#4"}
			}
		},
		{
			"from": [6.25, 9.625, 16.875],
			"to": [8.75, 12.125, 17.625],
			"rotation": {"angle": 22.5, "axis": "x", "origin": [7.5, 11.15833, 12.58333]},
			"faces": {
				"north": {"uv": [4.5, 3, 6, 4.5], "texture": "#4"},
				"east": {"uv": [6, 5.5, 6.5, 7], "texture": "#4"},
				"south": {"uv": [4.5, 4.5, 6, 6], "texture": "#4"},
				"west": {"uv": [1.5, 6.5, 2, 8], "texture": "#4"},
				"up": {"uv": [8, 2, 6.5, 1.5], "texture": "#4"},
				"down": {"uv": [3.5, 6.5, 2, 7], "texture": "#4"}
			}
		},
		{
			"from": [6.25, 11, 20],
			"to": [8.75, 12.5, 21],
			"rotation": {"angle": 22.5, "axis": "x", "origin": [7.5, 11.15833, 12.58333]},
			"faces": {
				"north": {"uv": [0, 6, 1.5, 7], "texture": "#4"},
				"east": {"uv": [6.5, 3, 7, 4], "texture": "#4"},
				"south": {"uv": [6, 0, 7.5, 1], "texture": "#4"},
				"west": {"uv": [3.5, 6.5, 4, 7.5], "texture": "#4"},
				"up": {"uv": [8, 2.5, 6.5, 2], "texture": "#4"},
				"down": {"uv": [8, 2.5, 6.5, 3], "texture": "#4"}
			}
		},
		{
			"from": [6, 14, 17],
			"to": [7, 15, 18],
			"rotation": {"angle": 22.5, "axis": "x", "origin": [7.5, 11.15833, 12.58333]},
			"faces": {
				"north": {"uv": [7.5, 0.5, 8, 1], "texture": "#4"},
				"east": {"uv": [1, 7.5, 1.5, 8], "texture": "#4"},
				"south": {"uv": [2, 7.5, 2.5, 8], "texture": "#4"},
				"west": {"uv": [2.5, 7.5, 3, 8], "texture": "#4"},
				"up": {"uv": [3.5, 8, 3, 7.5], "texture": "#4"},
				"down": {"uv": [8, 3, 7.5, 3.5], "texture": "#4"}
			}
		},
		{
			"from": [8, 14, 17],
			"to": [9, 15, 18],
			"rotation": {"angle": 22.5, "axis": "x", "origin": [7.5, 11.15833, 12.58333]},
			"faces": {
				"north": {"uv": [3.5, 7.5, 4, 8], "texture": "#4"},
				"east": {"uv": [7.5, 3.5, 8, 4], "texture": "#4"},
				"south": {"uv": [7.5, 4, 8, 4.5], "texture": "#4"},
				"west": {"uv": [4.5, 7.5, 5, 8], "texture": "#4"},
				"up": {"uv": [8, 5, 7.5, 4.5], "texture": "#4"},
				"down": {"uv": [5.5, 7.5, 5, 8], "texture": "#4"}
			}
		},
		{
			"from": [7, 6.25, 26],
			"to": [8, 7.25, 27],
			"rotation": {"angle": 22.5, "axis": "x", "origin": [7.5, 22.5, 27.5]},
			"faces": {
				"north": {"uv": [0, 0, 1, 1], "texture": "#5"},
				"east": {"uv": [0, 1, 1, 2], "texture": "#5"},
				"south": {"uv": [1, 0, 2, 1], "texture": "#5"},
				"west": {"uv": [1, 1, 2, 2], "texture": "#5"},
				"up": {"uv": [1, 3, 0, 2], "texture": "#5"},
				"down": {"uv": [3, 0, 2, 1], "texture": "#5"}
			}
		},
		{
			"from": [-3.5, 7, -5],
			"to": [18.5, 8, 19],
			"faces": {
				"north": {"uv": [5.75, 2, 8.5, 2.125], "texture": "#1"},
				"east": {"uv": [5.75, 1.5, 8.75, 1.625], "texture": "#1"},
				"south": {"uv": [5.75, 2.125, 8.5, 2.25], "texture": "#1"},
				"west": {"uv": [5.75, 1.625, 8.75, 1.75], "texture": "#1"},
				"up": {"uv": [2.75, 3, 0, 0], "texture": "#1"},
				"down": {"uv": [5.5, 0, 2.75, 3], "texture": "#1"}
			}
		},
		{
			"from": [18.5, 2, -5],
			"to": [20.5, 8, 19],
			"faces": {
				"north": {"uv": [5.75, 2.5, 6, 3.25], "texture": "#1"},
				"east": {"uv": [5.5, 0, 8.5, 0.75], "texture": "#1"},
				"south": {"uv": [5.75, 3.25, 6, 4], "texture": "#1"},
				"west": {"uv": [5.5, 0.75, 8.5, 1.5], "texture": "#1"},
				"up": {"uv": [5.75, 4.5, 5.5, 1.5], "texture": "#1"},
				"down": {"uv": [5.75, 4.5, 5.5, 7.5], "texture": "#1"}
			}
		},
		{
			"from": [-3.5, 2, -5],
			"to": [18.5, 3, 19],
			"faces": {
				"north": {"uv": [5.75, 2.25, 8.5, 2.375], "texture": "#1"},
				"east": {"uv": [5.75, 1.75, 8.75, 1.875], "texture": "#1"},
				"south": {"uv": [5.75, 2.375, 8.5, 2.5], "texture": "#1"},
				"west": {"uv": [5.75, 1.875, 8.75, 2], "texture": "#1"},
				"up": {"uv": [2.75, 6, 0, 3], "texture": "#1"},
				"down": {"uv": [5.5, 3, 2.75, 6], "texture": "#1"}
			}
		},
		{
			"from": [-2.5, 3, -5],
			"to": [18.5, 7, 19],
			"faces": {
				"north": {"uv": [0, 7, 5.25, 8], "texture": "#2"},
				"east": {"uv": [0, 6, 6, 7], "texture": "#2"},
				"south": {"uv": [5.25, 7, 10.5, 8], "texture": "#2"},
				"west": {"uv": [6, 6, 12, 7], "texture": "#2"},
				"up": {"uv": [5.25, 6, 0, 0], "texture": "#2"},
				"down": {"uv": [10.5, 0, 5.25, 6], "texture": "#2"}
			}
		}
	],
	"display": {
		"thirdperson_righthand": {
			"rotation": [-1, -180, -2],
			"translation": [1.5, -1.25, -1.5],
			"scale": [0.3, 0.3, 0.3]
		},
		"thirdperson_lefthand": {
			"rotation": [-1, -180, -2],
			"translation": [1.5, -1.25, -1.5],
			"scale": [0.3, 0.3, 0.3]
		},
		"firstperson_righthand": {
			"rotation": [-1, -180, -2],
			"translation": [1.5, -1.25, -1.5],
			"scale": [0.3, 0.3, 0.3]
		},
		"firstperson_lefthand": {
			"rotation": [-1, -180, -2],
			"translation": [0.25, 2.75, 3.75],
			"scale": [0.37, 0.37, 0.37]
		},
		"ground": {
			"rotation": [-1, -180, -2],
			"translation": [1.5, -1.25, -1.5],
			"scale": [0.3, 0.3, 0.3]
		},
		"gui": {
			"rotation": [24, 49, 28],
			"translation": [-0.25, 0, 0],
			"scale": [0.5, 0.5, 0.5]
		},
		"head": {
			"rotation": [0, -180, 0],
			"translation": [0, 11.25, -0.5],
			"scale": [0.7, 0.7, 0.7]
		},
		"fixed": {
			"rotation": [-90, 1, 0],
			"translation": [0, 0, -6]
		}
	},
	"groups": [
		{
			"name": "group",
			"origin": [0, 0, 0],
			"color": 0,
			"children": [0, 1, 2, 3, 4, 5, 6, 7, 8, 9, 10, 11, 12]
		},
		{
			"name": "group",
			"origin": [0, 0, 0],
			"color": 0,
			"children": [13, 14, 15]
		},
		16
	]
}