{
	"credit": "Made with Blockbench",
	"texture_size": [64, 64],
	"textures": {
		"0": "blockbench/hattexture"
	},
	"elements": [
		{
			"name": "corner",
			"from": [3, 1, 12],
			"to": [4, 18.2, 13],
			"rotation": {"angle": 0, "axis": "y", "origin": [-8, 0, -8]},
			"faces": {
				"north": {"uv": [0, 0, 0.25, 1.75], "texture": "#0"},
				"east": {"uv": [0, 0, 0.25, 1.75], "texture": "#0"},
				"south": {"uv": [0, 0, 0.25, 1.75], "texture": "#0"},
				"west": {"uv": [0, 0, 0.25, 1.75], "texture": "#0"},
				"up": {"uv": [4.5, 2.5, 5, 3], "texture": "#0"},
				"down": {"uv": [0, 0, 1, 1], "texture": "#0"}
			}
		},
		{
			"name": "corner",
			"from": [3, 1, 3],
			"to": [4, 18.2, 4],
			"rotation": {"angle": 0, "axis": "y", "origin": [-8, 0, -8]},
			"faces": {
				"north": {"uv": [0, 0, 0.5, 1.75], "texture": "#0"},
				"east": {"uv": [0, 0, 0.5, 1.5], "texture": "#0"},
				"south": {"uv": [0, 0, 0.5, 1.75], "texture": "#0"},
				"west": {"uv": [0, 0, 0.5, 1.75], "texture": "#0"},
				"up": {"uv": [4.5, 2.5, 5, 3], "texture": "#0"},
				"down": {"uv": [0, 0, 1, 1], "texture": "#0"}
			}
		},
		{
			"name": "corner",
			"from": [12, 1, 3],
			"to": [13, 18.2, 4],
			"rotation": {"angle": 0, "axis": "y", "origin": [-8, 0, -8]},
			"faces": {
				"north": {"uv": [0, 0, 0.5, 1.75], "texture": "#0"},
				"east": {"uv": [0, 0, 0.25, 1.75], "texture": "#0"},
				"south": {"uv": [0, 0, 0.5, 2], "texture": "#0"},
				"west": {"uv": [0, 0, 0.5, 1.75], "texture": "#0"},
				"up": {"uv": [4.5, 2.5, 5, 3], "texture": "#0"},
				"down": {"uv": [0, 0, 1, 1], "texture": "#0"}
			}
		},
		{
			"name": "corner",
			"from": [12, 1, 12],
			"to": [13, 18.2, 13],
			"rotation": {"angle": 0, "axis": "y", "origin": [-8, 0, -8]},
			"faces": {
				"north": {"uv": [0, 0, 0.5, 1.75], "texture": "#0"},
				"east": {"uv": [0, 0, 0.5, 1.75], "texture": "#0"},
				"south": {"uv": [0, 0, 0.5, 1.75], "texture": "#0"},
				"west": {"uv": [0, 0, 0.5, 2], "texture": "#0"},
				"up": {"uv": [4.75, 2.75, 5, 3], "texture": "#0"},
				"down": {"uv": [0, 0, 1, 1], "texture": "#0"}
			}
		},
		{
			"name": "top",
			"from": [4, 1, 2],
			"to": [12, 15.8, 14],
			"rotation": {"angle": 0, "axis": "y", "origin": [0, 3, -1]},
			"faces": {
				"north": {"uv": [0, 0, 2, 2], "texture": "#0"},
				"east": {"uv": [0, 0, 0.5, 2], "texture": "#0"},
				"south": {"uv": [0, 0, 0.5, 2], "texture": "#0"},
				"west": {"uv": [0, 0, 0.5, 2], "texture": "#0"},
				"up": {"uv": [1, 7, 5.25, 11.5], "rotation": 270, "texture": "#0"},
				"down": {"uv": [0, 0, 12, 8], "rotation": 90, "texture": "#0"}
			}
		},
		{
			"name": "top",
			"from": [2, 1, 4],
			"to": [14, 15.8, 12],
			"rotation": {"angle": 0, "axis": "y", "origin": [-8, 0, -8]},
			"faces": {
				"north": {"uv": [0, 0, 0.5, 2], "texture": "#0"},
				"east": {"uv": [0, 0, 2, 2], "texture": "#0"},
				"south": {"uv": [0, 0, 0.25, 2], "texture": "#0"},
				"west": {"uv": [0, 0, 0.5, 2], "texture": "#0"},
				"up": {"uv": [2.5, 6.5, 3.75, 11.75], "texture": "#0"},
				"down": {"uv": [0, 0, 12, 8], "texture": "#0"}
			}
		},
		{
			"from": [3.5, 1, 1.5],
			"to": [12.5, 4.9, 14.5],
			"faces": {
				"north": {"uv": [0, 1.5, 2, 1.65], "texture": "#0"},
				"east": {"uv": [0, 1.5, 2, 1.65], "texture": "#0"},
				"south": {"uv": [0, 1.5, 2, 1.65], "texture": "#0"},
				"west": {"uv": [0, 1.5, 2, 1.65], "texture": "#0"},
				"up": {"uv": [0, 1.5, 2, 1.65], "texture": "#0"},
				"down": {"uv": [0, 1.5, 2, 1.65], "texture": "#0"}
			}
		},
		{
			"from": [1.5, 1, 3.5],
			"to": [14.5, 4.9, 12.5],
			"rotation": {"angle": 0, "axis": "y", "origin": [8, 2, 8]},
			"faces": {
				"north": {"uv": [0, 1.5, 2, 1.9], "texture": "#0"},
				"east": {"uv": [0, 1.5, 2, 1.9], "texture": "#0"},
				"south": {"uv": [0, 1.5, 2, 1.9], "texture": "#0"},
				"west": {"uv": [0, 1.5, 2, 1.9], "texture": "#0"},
				"up": {"uv": [0, 1.5, 2, 1.9], "texture": "#0"},
				"down": {"uv": [0, 1.5, 2, 1.9], "texture": "#0"}
			}
		},
		{
			"from": [2.5, 1, 2.5],
			"to": [13.5, 4.9, 13.5],
			"faces": {
				"north": {"uv": [0, 1.5, 2, 1.9], "texture": "#0"},
				"east": {"uv": [0, 1.5, 2, 1.9], "texture": "#0"},
				"south": {"uv": [0, 1.5, 2, 1.9], "texture": "#0"},
				"west": {"uv": [0, 1.5, 2, 1.9], "texture": "#0"},
				"up": {"uv": [0, 1.5, 2, 1.9], "texture": "#0"},
				"down": {"uv": [0, 1.5, 2, 1.9], "texture": "#0"}
			}
		},
		{
			"name": "base",
			"from": [0, 0, 0],
			"to": [16, 1, 16],
			"rotation": {"angle": 0, "axis": "y", "origin": [-0.25, 0, 0]},
			"faces": {
				"north": {"uv": [8, 2.25, 10.5, 3], "texture": "#0"},
				"east": {"uv": [7.75, 2.25, 10.5, 3.5], "texture": "#0"},
				"south": {"uv": [7.5, 2, 9.75, 3.75], "texture": "#0"},
				"west": {"uv": [7.75, 2, 10, 3.75], "texture": "#0"},
				"up": {"uv": [7, 1, 11, 5], "texture": "#0"},
				"down": {"uv": [13.75, 3.25, 14.75, 3.75], "texture": "#0"}
			}
		},
		{
			"from": [-1.9, 0.35, 1],
			"to": [0.1, 1.35, 15],
			"rotation": {"angle": -22.5, "axis": "z", "origin": [-1, 0.5, 8]},
			"faces": {
				"north": {"uv": [8.5, 2.75, 10.5, 3.75], "texture": "#0"},
				"east": {"uv": [6.25, 1, 11.75, 5], "texture": "#0"},
				"south": {"uv": [7.75, 2.5, 9.75, 3.5], "texture": "#0"},
				"west": {"uv": [2, 8, 5, 9.5], "texture": "#0"},
				"up": {"uv": [6.5, 1.25, 8.25, 4.25], "texture": "#0"},
				"down": {"uv": [9, 2, 10, 4.25], "texture": "#0"}
			}
		},
		{
			"from": [14.4, -6.45, 1],
			"to": [16.4, -5.45, 15],
			"rotation": {"angle": 22.5, "axis": "z", "origin": [-1, 0.5, 8]},
			"faces": {
				"north": {"uv": [2.5, 9, 4.5, 10], "texture": "#0"},
				"east": {"uv": [1.75, 6.5, 4.5, 10.75], "texture": "#0"},
				"south": {"uv": [2.25, 8.75, 4.25, 9.75], "texture": "#0"},
				"west": {"uv": [2.5, 6.75, 4.5, 11.5], "texture": "#0"},
				"up": {"uv": [10.25, 1.25, 11.25, 4.5], "texture": "#0"},
				"down": {"uv": [1.5, 7.25, 2.75, 11.5], "texture": "#0"}
			}
		},
		{
			"from": [-1.45, -6.5, 3],
			"to": [0.55, -5.5, 13],
			"rotation": {"angle": -45, "axis": "z", "origin": [8, 0, 8]},
			"faces": {
				"north": {"uv": [2.25, 7.75, 4.25, 8.75], "texture": "#0"},
				"east": {"uv": [2.25, 7, 3.5, 9.5], "texture": "#0"},
				"south": {"uv": [2, 9.5, 4, 10.5], "texture": "#0"},
				"west": {"uv": [1.75, 8, 4, 9], "texture": "#0"},
				"up": {"uv": [6, 1.75, 6.5, 4], "texture": "#0"},
				"down": {"uv": [3, 7, 4.5, 10.75], "texture": "#0"}
			}
		},
		{
			"from": [15.4, -6.45, 3],
			"to": [17.4, -5.45, 13],
			"rotation": {"angle": 45, "axis": "z", "origin": [8, 0, 8]},
			"faces": {
				"north": {"uv": [1.75, 7.75, 3.75, 8.75], "texture": "#0"},
				"east": {"uv": [2, 6.75, 4.25, 10.75], "texture": "#0"},
				"south": {"uv": [3, 9.5, 5, 10.5], "texture": "#0"},
				"west": {"uv": [2.5, 6, 3.75, 11.25], "texture": "#0"},
				"up": {"uv": [3, 7.75, 3.75, 9.75], "texture": "#0"},
				"down": {"uv": [2, 6.5, 3.5, 11.25], "texture": "#0"}
			}
		},
		{
			"from": [1, 0, 16],
			"to": [15, 1, 17],
			"rotation": {"angle": 0, "axis": "y", "origin": [8, 0, 8]},
			"faces": {
				"north": {"uv": [2.5, 6.75, 4.75, 10.5], "texture": "#0"},
				"east": {"uv": [2.25, 7.75, 3.25, 8.75], "texture": "#0"},
				"south": {"uv": [2, 7.75, 4, 10.5], "texture": "#0"},
				"west": {"uv": [3.25, 8, 4.25, 9], "texture": "#0"},
				"up": {"uv": [7.5, 4.5, 10.5, 5.25], "texture": "#0"},
				"down": {"uv": [1.5, 6.75, 4.25, 10.75], "texture": "#0"}
			}
		},
		{
			"from": [1, 0, -1],
			"to": [15, 1, 0],
			"rotation": {"angle": 0, "axis": "y", "origin": [8, 0, 8]},
			"faces": {
				"north": {"uv": [1.25, 6.75, 4.5, 11.25], "texture": "#0"},
				"east": {"uv": [2.25, 8.75, 3.25, 9.75], "texture": "#0"},
				"south": {"uv": [1.5, 6.75, 4.75, 11], "texture": "#0"},
				"west": {"uv": [2.5, 8.5, 3.5, 9.5], "texture": "#0"},
				"up": {"uv": [7.25, 5, 10.5, 5.5], "texture": "#0"},
				"down": {"uv": [2, 7.5, 4.5, 10.25], "texture": "#0"}
			}
		},
		{
			"from": [3, 0, 17],
			"to": [13, 1, 18],
			"rotation": {"angle": 0, "axis": "y", "origin": [8, 0, 8]},
			"faces": {
				"north": {"uv": [1, 6.75, 4.75, 10.75], "texture": "#0"},
				"east": {"uv": [3, 7.75, 4, 8.75], "texture": "#0"},
				"south": {"uv": [1.25, 6, 5, 11.5], "texture": "#0"},
				"west": {"uv": [3, 8.25, 4, 9.25], "texture": "#0"},
				"up": {"uv": [1.75, 7.5, 4, 10.75], "texture": "#0"},
				"down": {"uv": [1.5, 7, 4.5, 11.25], "texture": "#0"}
			}
		},
		{
			"from": [3, 0, -2],
			"to": [13, 1, -1],
			"rotation": {"angle": 0, "axis": "y", "origin": [8, 0, 8]},
			"faces": {
				"north": {"uv": [2.5, 6.5, 4.75, 9.75], "texture": "#0"},
				"east": {"uv": [3.25, 8.25, 4.25, 9.25], "texture": "#0"},
				"south": {"uv": [1.5, 6.25, 4.75, 11], "texture": "#0"},
				"west": {"uv": [2.75, 8.5, 3.75, 9.5], "texture": "#0"},
				"up": {"uv": [2.5, 6.75, 4, 9.75], "texture": "#0"},
				"down": {"uv": [3.25, 7.5, 4, 9.75], "texture": "#0"}
			}
		},
		{
			"name": "base",
			"from": [4, 17.25, 2.5],
			"to": [12, 18.25, 13.5],
			"rotation": {"angle": 0, "axis": "y", "origin": [0, 17.8, 0]},
			"faces": {
				"north": {"uv": [0, 0, 1.75, 1.5], "texture": "#0"},
				"east": {"uv": [0, 0, 2, 1.25], "texture": "#0"},
				"south": {"uv": [0, 0, 1.75, 1.25], "texture": "#0"},
				"west": {"uv": [0, 0, 1.75, 1.25], "texture": "#0"},
				"up": {"uv": [3, 0.5, 5, 2.5], "rotation": 270, "texture": "#0"},
				"down": {"uv": [0.75, 6.5, 5.25, 11], "rotation": 90, "texture": "#0"}
			}
		},
		{
			"name": "base",
			"from": [2.2, 16.55, 4],
			"to": [13.7, 18.25, 12],
			"rotation": {"angle": 0, "axis": "y", "origin": [-8.25, 4.8, -8]},
			"faces": {
				"north": {"uv": [7.75, 0, 11, 4.25], "texture": "#0"},
				"east": {"uv": [7.5, 0, 9.75, 5], "texture": "#0"},
				"south": {"uv": [8.25, 0, 11, 5.25], "texture": "#0"},
				"west": {"uv": [7.75, 0.5, 10.25, 5.5], "texture": "#0"},
				"up": {"uv": [3, 0.5, 5, 2.5], "texture": "#0"},
				"down": {"uv": [2, 6.25, 4.25, 11.25], "texture": "#0"}
			}
		},
		{
			"name": "topslant",
			"from": [4, 19.85, 5.6],
			"to": [12, 23.85, 7.6],
			"rotation": {"angle": 22.5, "axis": "x", "origin": [-8.25, 4.8, -8], "rescale": true},
			"faces": {
				"north": {"uv": [0, 0, 2, 1.25], "texture": "#0"},
				"east": {"uv": [0, 0, 2, 1.25], "texture": "#0"},
				"south": {"uv": [0, 0, 1.75, 1.5], "texture": "#0"},
				"west": {"uv": [0, 0, 2, 1.25], "texture": "#0"},
				"up": {"uv": [3, 2.5, 5, 3], "texture": "#0"},
				"down": {"uv": [0, 0, 1.75, 1], "texture": "#0"}
			}
		},
		{
			"name": "topslant",
			"from": [4, 8.6, 3.7],
			"to": [12, 12.6, 5.7],
			"rotation": {"angle": -22.5, "axis": "x", "origin": [-8.25, 4.8, -8], "rescale": true},
			"faces": {
				"north": {"uv": [0, 0, 2, 1.25], "texture": "#0"},
				"east": {"uv": [0, 0, 2, 1], "texture": "#0"},
				"south": {"uv": [0, 0, 1.75, 1.5], "texture": "#0"},
				"west": {"uv": [0, 0, 2, 1.25], "texture": "#0"},
				"up": {"uv": [3, 2.5, 4.75, 3], "texture": "#0"},
				"down": {"uv": [0, 0, 8, 2], "texture": "#missing"}
			}
		},
		{
			"name": "topslant",
			"from": [9, 9.45, 4],
			"to": [11, 14.45, 12],
			"rotation": {"angle": -22.5, "axis": "z", "origin": [21, 4.48074, 4.85647]},
			"faces": {
				"north": {"uv": [0, 0, 2, 1.5], "texture": "#0"},
				"east": {"uv": [0, 0, 1.75, 1.25], "texture": "#0"},
				"south": {"uv": [0, 0, 1.75, 1.5], "texture": "#0"},
				"west": {"uv": [0, 0, 1.75, 1.5], "texture": "#0"},
				"up": {"uv": [3, 2.5, 5, 3], "rotation": 270, "texture": "#0"},
				"down": {"uv": [2.5, 8.25, 4, 11.25], "rotation": 90, "texture": "#0"}
			}
		},
		{
			"name": "topslant",
			"from": [4, 11.55, 4],
			"to": [6, 16.55, 12],
			"rotation": {"angle": 22.5, "axis": "z", "origin": [-0.25, 7.93626, 20.35889]},
			"faces": {
				"north": {"uv": [0, 0, 2, 1.5], "texture": "#0"},
				"east": {"uv": [0, 0, 2, 1.5], "texture": "#0"},
				"south": {"uv": [0, 0, 2, 1.5], "texture": "#0"},
				"west": {"uv": [0, 0, 1.75, 1.25], "texture": "#0"},
				"up": {"uv": [3, 2.5, 5, 3], "rotation": 270, "texture": "#0"},
				"down": {"uv": [0, 0, 8, 2], "rotation": 90, "texture": "#0"}
			}
		}
	],
	"display": {
		"thirdperson_righthand": {
			"translation": [0, 3.75, 0.5],
			"scale": [0.5, 0.5, 0.5]
		},
		"thirdperson_lefthand": {
			"translation": [0, 3.75, 0.5],
			"scale": [0.5, 0.5, 0.5]
		},
		"firstperson_righthand": {
			"translation": [0, 2.25, 0],
			"scale": [0.5, 0.5, 0.5]
		},
		"firstperson_lefthand": {
			"translation": [0, 2.25, 0],
			"scale": [0.5, 0.5, 0.5]
		},
		"ground": {
			"translation": [0, 2.25, 0],
			"scale": [0.3, 0.3, 0.3]
		},
		"gui": {
			"rotation": [29, -44, 0],
			"translation": [0, 0.75, 0],
			"scale": [0.6, 0.6, 0.6]
		},
		"head": {
			"rotation": [0, 0, -8.75],
			"translation": [2, 14.25, -0.25],
			"scale": [1.1, 1.1, 1.1]
		},
		"fixed": {
			"translation": [0, 0.75, 0],
			"scale": [0.75, 0.75, 0.75]
		}
	},
	"groups": [
		{
			"name": "group",
			"origin": [-8, 0, -8],
			"color": 0,
			"children": [
				{
					"name": "bone5",
					"origin": [-8, 0, -8],
					"color": 0,
					"children": [0, 1, 2, 3]
				},
				{
					"name": "bone6",
					"origin": [-8, 0, -8],
					"color": 0,
					"children": [
						4,
						5,
						{
							"name": "group",
							"origin": [0, 0, 0],
							"color": 0,
							"children": [6, 7, 8]
						}
					]
				}
			]
		},
		{
			"name": "bone",
			"origin": [-8.25, 0, -8],
			"color": 0,
			"children": [
				{
					"name": "bone2",
					"origin": [-8.25, 0, -8],
					"color": 0,
					"children": [9, 10, 11, 12, 13, 14, 15, 16, 17]
				},
				{
					"name": "bone3",
					"origin": [-8.25, 0, -8],
					"color": 0,
					"children": [18, 19]
				},
				{
					"name": "bone4",
					"origin": [-8.25, 0, -8],
					"color": 0,
					"children": [20, 21, 22, 23]
				}
			]
		}
	]
}