{
	"credit": "Made with Blockbench",
	"parent": "carved_pumpkin",
	"textures": {
		"0": "./textures/ducky_bucket_hat",
		"1": "./textures/ducky_bucket_hat_beak",
		"particle": "./textures/ducky_bucket_hat"
	},
	"elements": [
		{
			"from": [4, 0, 4],
			"to": [12, 5, 12],
			"faces": {
				"north": {"uv": [4, 0, 8, 2.5], "texture": "#0"},
				"east": {"uv": [4, 2.5, 8, 5], "texture": "#0"},
				"south": {"uv": [4, 5, 8, 7.5], "texture": "#0"},
				"west": {"uv": [4, 7.5, 8, 10], "texture": "#0"},
				"up": {"uv": [4, 4, 0, 0], "texture": "#0"},
				"down": {"uv": [4, 4, 0, 8], "texture": "#0"}
			}
		},
		{
			"from": [4, -1, 3],
			"to": [12, 1, 4],
			"rotation": {"angle": 45, "axis": "x", "origin": [8, 0, 4]},
			"faces": {
				"north": {"uv": [8, 1, 12, 2], "texture": "#0"},
				"east": {"uv": [5.5, 10, 6, 11], "texture": "#0"},
				"south": {"uv": [8, 2, 12, 3], "texture": "#0"},
				"west": {"uv": [6, 10, 6.5, 11], "texture": "#0"},
				"up": {"uv": [4, 9.5, 0, 9], "texture": "#0"},
				"down": {"uv": [13, 7, 9, 7.5], "texture": "#0"}
			}
		},
		{
			"from": [3, -1, 4],
			"to": [4, 1, 12],
			"rotation": {"angle": -45, "axis": "z", "origin": [4, 0, 8]},
			"faces": {
				"north": {"uv": [6.5, 10, 7, 11], "texture": "#0"},
				"east": {"uv": [8, 3, 12, 4], "texture": "#0"},
				"south": {"uv": [7, 10, 7.5, 11], "texture": "#0"},
				"west": {"uv": [8, 4, 12, 5], "texture": "#0"},
				"up": {"uv": [9.5, 11.5, 9, 7.5], "texture": "#0"},
				"down": {"uv": [0.5, 9.5, 0, 13.5], "texture": "#0"}
			}
		},
		{
			"from": [12, -1, 4],
			"to": [13, 1, 12],
			"rotation": {"angle": 45, "axis": "z", "origin": [12, 0, 8]},
			"faces": {
				"north": {"uv": [4.5, 10, 5, 11], "texture": "#0"},
				"east": {"uv": [0, 8, 4, 9], "texture": "#0"},
				"south": {"uv": [5, 10, 5.5, 11], "texture": "#0"},
				"west": {"uv": [8, 0, 12, 1], "texture": "#0"},
				"up": {"uv": [8.5, 11, 8, 7], "texture": "#0"},
				"down": {"uv": [9, 7, 8.5, 11], "texture": "#0"}
			}
		},
		{
			"from": [4, -1, 12],
			"to": [12, 1, 13],
			"rotation": {"angle": -45, "axis": "x", "origin": [8, 0, 12]},
			"faces": {
				"north": {"uv": [8, 5, 12, 6], "texture": "#0"},
				"east": {"uv": [7.5, 10, 8, 11], "texture": "#0"},
				"south": {"uv": [8, 6, 12, 7], "texture": "#0"},
				"west": {"uv": [0.5, 10.5, 1, 11.5], "texture": "#0"},
				"up": {"uv": [13.5, 8, 9.5, 7.5], "texture": "#0"},
				"down": {"uv": [13.5, 8, 9.5, 8.5], "texture": "#0"}
			}
		},
		{
			"from": [11.5, -0.5, 3.5],
			"to": [12.5, 0.5, 4.5],
			"faces": {
				"north": {"uv": [3.5, 9.5, 4, 10], "texture": "#0"},
				"east": {"uv": [1, 10.5, 1.5, 11], "texture": "#0"},
				"south": {"uv": [1.5, 10.5, 2, 11], "texture": "#0"},
				"west": {"uv": [2, 10.5, 2.5, 11], "texture": "#0"},
				"up": {"uv": [3, 11, 2.5, 10.5], "texture": "#0"},
				"down": {"uv": [3.5, 10.5, 3, 11], "texture": "#0"}
			}
		},
		{
			"from": [3.5, -0.5, 3.5],
			"to": [4.5, 0.5, 4.5],
			"faces": {
				"north": {"uv": [10.5, 8.5, 11, 9], "texture": "#0"},
				"east": {"uv": [10.5, 9, 11, 9.5], "texture": "#0"},
				"south": {"uv": [9.5, 10.5, 10, 11], "texture": "#0"},
				"west": {"uv": [10.5, 9.5, 11, 10], "texture": "#0"},
				"up": {"uv": [10.5, 11, 10, 10.5], "texture": "#0"},
				"down": {"uv": [11, 10, 10.5, 10.5], "texture": "#0"}
			}
		},
		{
			"from": [3.5, -0.5, 11.5],
			"to": [4.5, 0.5, 12.5],
			"faces": {
				"north": {"uv": [10.5, 10.5, 11, 11], "texture": "#0"},
				"east": {"uv": [1, 11, 1.5, 11.5], "texture": "#0"},
				"south": {"uv": [1.5, 11, 2, 11.5], "texture": "#0"},
				"west": {"uv": [2, 11, 2.5, 11.5], "texture": "#0"},
				"up": {"uv": [3, 11.5, 2.5, 11], "texture": "#0"},
				"down": {"uv": [3.5, 11, 3, 11.5], "texture": "#0"}
			}
		},
		{
			"from": [11.5, -0.5, 11.5],
			"to": [12.5, 0.5, 12.5],
			"faces": {
				"north": {"uv": [3.5, 11, 4, 11.5], "texture": "#0"},
				"east": {"uv": [4, 11, 4.5, 11.5], "texture": "#0"},
				"south": {"uv": [4.5, 11, 5, 11.5], "texture": "#0"},
				"west": {"uv": [5, 11, 5.5, 11.5], "texture": "#0"},
				"up": {"uv": [6, 11.5, 5.5, 11], "texture": "#0"},
				"down": {"uv": [6.5, 11, 6, 11.5], "texture": "#0"}
			}
		},
		{
			"from": [7, 4, 7],
			"to": [9, 5.5, 9],
			"faces": {
				"north": {"uv": [0.5, 9.5, 1.5, 10.5], "texture": "#0"},
				"east": {"uv": [1.5, 9.5, 2.5, 10.5], "texture": "#0"},
				"south": {"uv": [2.5, 9.5, 3.5, 10.5], "texture": "#0"},
				"west": {"uv": [9.5, 8.5, 10.5, 9.5], "texture": "#0"},
				"up": {"uv": [10.5, 10.5, 9.5, 9.5], "texture": "#0"},
				"down": {"uv": [4.5, 10, 3.5, 11], "texture": "#0"}
			}
		},
		{
			"from": [6.5, 1.25, 2.75],
			"to": [9.5, 2.25, 4.5],
			"faces": {
				"north": {"uv": [3, 0, 6, 1], "texture": "#1"},
				"east": {"uv": [3, 2, 5, 3], "texture": "#1"},
				"south": {"uv": [3, 1, 6, 2], "texture": "#1"},
				"west": {"uv": [3, 3, 5, 4], "texture": "#1"},
				"up": {"uv": [3, 2, 0, 0], "texture": "#1"},
				"down": {"uv": [3, 2, 0, 4], "texture": "#1"}
			}
		}
	],
	"display": {
		"gui": {
			"rotation": [-172, 15, -180],
			"translation": [0, 5, 0],
			"scale": [1.03, 1.03, 1.03]
		},
		"head": {
			"rotation": [4.75, 0, 0],
			"translation": [0, 13.5, 1],
			"scale": [1.85, 1.85, 1.85]
		}
	},
	"groups": [
		{
			"name": "group",
			"origin": [0, 0, 0],
			"color": 0,
			"children": [0, 1, 2, 3, 4, 5, 6, 7, 8, 9]
		},
		10
	]
}