{
  "parent": "minecraft:block/orientable",
  "textures": {
    "front": "minecraft:block/carved_pumpkin",
    "side": "minecraft:block/pumpkin_side",
    "top": "minecraft:block/pumpkin_top"
  },
  "overrides": [

    {
      "predicate": {
        "custom_model_data": 7710001
      },
      "model": "theaxo77_srv/holidays/easter/eggs/common"
    },

    {
      "predicate": {
        "custom_model_data": 7710002
      },
      "model": "theaxo77_srv/holidays/easter/eggs/cracked"
    },

    {
      "predicate": {
        "custom_model_data": 7710003
      },
      "model": "theaxo77_srv/holidays/easter/eggs/turtle"
    },

    {
      "predicate": {
        "custom_model_data": 7710004
      },
      "model": "theaxo77_srv/holidays/easter/eggs/damaged_turtle"
    },

    {
      "predicate": {
        "custom_model_data": 7710005
      },
      "model": "theaxo77_srv/holidays/easter/eggs/cracked_turtle"
    },

    {
      "predicate": {
        "custom_model_data": 7710006
      },
      "model": "theaxo77_srv/holidays/easter/eggs/chewinggum"
    },

    {
      "predicate": {
        "custom_model_data": 7710007
      },
      "model": "theaxo77_srv/holidays/easter/eggs/minty"
    },

    {
      "predicate": {
        "custom_model_data": 7710008
      },
      "model": "theaxo77_srv/holidays/easter/eggs/azure"
    },

    {
      "predicate": {
        "custom_model_data": 7710009
      },
      "model": "theaxo77_srv/holidays/easter/eggs/togada"
    },

    {
      "predicate": {
        "custom_model_data": 7710010
      },
      "model": "theaxo77_srv/holidays/easter/eggs/stripes"
    },

    {
      "predicate": {
        "custom_model_data": 7710011
      },
      "model": "theaxo77_srv/holidays/easter/eggs/dusk"
    },

    {
      "predicate": {
        "custom_model_data": 7710012
      },
      "model": "theaxo77_srv/holidays/easter/eggs/obsidian"
    },

    {
      "predicate": {
        "custom_model_data": 7710013
      },
      "model": "theaxo77_srv/holidays/easter/eggs/cry"
    },

    {
      "predicate": {
        "custom_model_data": 7710014
      },
      "model": "theaxo77_srv/holidays/easter/eggs/chocolate"
    },

    {
      "predicate": {
        "custom_model_data": 7710015
      },
      "model": "theaxo77_srv/holidays/easter/eggs/wrapped"
    },

    {
      "predicate": {
        "custom_model_data": 7710016
      },
      "model": "theaxo77_srv/holidays/easter/eggs/golden"
    },

    {
      "predicate": {
        "custom_model_data": 7710017
      },
      "model": "theaxo77_srv/holidays/easter/eggs/template"
    }
  ]
}