{
  "parent": "minecraft:block/orientable",
  "textures": {
    "front": "minecraft:block/carved_pumpkin",
    "side": "minecraft:block/pumpkin_side",
    "top": "minecraft:block/pumpkin_top"
  },
  "overrides": [

    {
      "predicate": {
        "custom_model_data": 1770001
      },
      "model": "theaxo77_srv/holidays/easter/eggs/common"
    },

    {
      "predicate": {
        "custom_model_data": 1770002
      },
      "model": "theaxo77_srv/holidays/easter/eggs/cracked"
    },

    {
      "predicate": {
        "custom_model_data": 1770003
      },
      "model": "theaxo77_srv/holidays/easter/eggs/turtle"
    },

    {
      "predicate": {
        "custom_model_data": 1770004
      },
      "model": "theaxo77_srv/holidays/easter/eggs/damaged_turtle"
    },

    {
      "predicate": {
        "custom_model_data": 1770005
      },
      "model": "theaxo77_srv/holidays/easter/eggs/cracked_turtle"
    },

    {
      "predicate": {
        "custom_model_data": 1770006
      },
      "model": "theaxo77_srv/holidays/easter/eggs/chewinggum"
    },

    {
      "predicate": {
        "custom_model_data": 1770007
      },
      "model": "theaxo77_srv/holidays/easter/eggs/minty"
    },

    {
      "predicate": {
        "custom_model_data": 1770008
      },
      "model": "theaxo77_srv/holidays/easter/eggs/azure"
    },

    {
      "predicate": {
        "custom_model_data": 1770009
      },
      "model": "theaxo77_srv/holidays/easter/eggs/togada"
    },

    {
      "predicate": {
        "custom_model_data": 1770010
      },
      "model": "theaxo77_srv/holidays/easter/eggs/stripes"
    },

    {
      "predicate": {
        "custom_model_data": 1770011
      },
      "model": "theaxo77_srv/holidays/easter/eggs/dusk"
    },

    {
      "predicate": {
        "custom_model_data": 1770012
      },
      "model": "theaxo77_srv/holidays/easter/eggs/obsidian"
    },

    {
      "predicate": {
        "custom_model_data": 1770013
      },
      "model": "theaxo77_srv/holidays/easter/eggs/cry"
    },

    {
      "predicate": {
        "custom_model_data": 1770014
      },
      "model": "theaxo77_srv/holidays/easter/eggs/chocolate"
    },

    {
      "predicate": {
        "custom_model_data": 1770015
      },
      "model": "theaxo77_srv/holidays/easter/eggs/wrapped"
    },

    {
      "predicate": {
        "custom_model_data": 1770016
      },
      "model": "theaxo77_srv/holidays/easter/eggs/golden"
    },

    {
      "predicate": {
        "custom_model_data": 1770017
      },
      "model": "theaxo77_srv/holidays/easter/eggs/template"
    }
  ]
}