{
	"credit": "Made with Blockbench",
	"parent": "carved_pumpkin",
	"texture_size": [133, 64],
	"textures": {
		"0": "blockbench/hd_eyes",
		"particle": "blockbench/hd_eyes"
	},
	"elements": [
		{
			"from": [4, 5, 1],
			"to": [6, 8, 2],
			"faces": {
				"north": {"uv": [8.35226, 0, 16, 16], "texture": "#0"},
				"east": {"uv": [0.67188, 0.42969, 0.78125, 0.55469], "texture": "#0"},
				"south": {"uv": [0.53906, 0.28125, 0.64063, 0.59375], "texture": "#0"},
				"west": {"uv": [0.92969, 0.42969, 1.01563, 0.6875], "texture": "#0"},
				"up": {"uv": [0.49219, 0.39063, 0.6875, 0.5], "texture": "#0"},
				"down": {"uv": [0.53125, 0.35156, 0.64844, 0.53906], "texture": "#0"}
			}
		},
		{
			"from": [8, 5, 1],
			"to": [10, 8, 2],
			"faces": {
				"north": {"uv": [0, 0, 7.66336, 16], "texture": "#0"},
				"east": {"uv": [0.95313, 0.4375, 1.0625, 0.55469], "texture": "#0"},
				"south": {"uv": [0.72656, 0.21094, 1.02344, 0.5625], "texture": "#0"},
				"west": {"uv": [0.64063, 0.46875, 0.82031, 0.76563], "texture": "#0"},
				"up": {"uv": [0.76563, 0.39063, 0.97656, 0.5], "texture": "#0"},
				"down": {"uv": [0.75, 0.45313, 0.99219, 0.59375], "texture": "#0"}
			}
		}
	],
	"display": {
		"thirdperson_righthand": {
			"translation": [0.75, 0, 6.5]
		},
		"thirdperson_lefthand": {
			"translation": [-1, 0, 6.5]
		},
		"firstperson_righthand": {
			"rotation": [89, 0, 0],
			"translation": [-2, -4.5, 4.5]
		},
		"firstperson_lefthand": {
			"rotation": [89, 0, 0],
			"translation": [-2, -4.5, 4.5]
		},
		"gui": {
			"rotation": [26, 155, 10],
			"translation": [1.25, 4, 0],
			"scale": [1.55, 1.43, 0.92]
		},
		"head": {
			"translation": [1.5, 0, 0.52],
			"scale": [1.55, 1.1, 0.99]
		},
		"fixed": {
			"translation": [1.25, 3, 9.25],
			"scale": [1.5, 1.5, 1.5]
		}
	}
}