{
	"credit": "Made with Blockbench",
	"texture_size": [64, 32],
	"textures": {
		"0": "blockbench/minecart"
	},
	"elements": [
		{
			"name": "front2",
			"from": [-1, 2, 1],
			"to": [1, 10, 17],
			"rotation": {"angle": 0, "axis": "y", "origin": [0, 6, 15]},
			"faces": {
				"north": {"uv": [4.5, 1, 5, 5], "texture": "#0"},
				"east": {"uv": [0.5, 1, 4.5, 5], "texture": "#0"},
				"south": {"uv": [0, 1, 0.5, 5], "texture": "#0"},
				"west": {"uv": [5, 1, 9, 5], "texture": "#0"},
				"up": {"uv": [4.5, 1, 0.5, 0], "rotation": 90, "texture": "#0"},
				"down": {"uv": [8.5, 0, 4.5, 1], "rotation": 270, "texture": "#0"}
			}
		},
		{
			"name": "back2",
			"from": [1, 2, 1],
			"to": [17, 10, 3],
			"rotation": {"angle": 0, "axis": "y", "origin": [-2, 6, 9]},
			"faces": {
				"north": {"uv": [5, 1, 9, 5], "texture": "#0"},
				"east": {"uv": [4.5, 1, 5, 5], "texture": "#0"},
				"south": {"uv": [0.5, 1, 4.5, 5], "texture": "#0"},
				"west": {"uv": [0, 1, 0.5, 5], "texture": "#0"},
				"up": {"uv": [4.5, 1, 0.5, 0], "rotation": 180, "texture": "#0"},
				"down": {"uv": [8.5, 0, 4.5, 1], "rotation": 180, "texture": "#0"}
			}
		},
		{
			"name": "right2",
			"from": [1, 2, 15],
			"to": [17, 10, 17],
			"faces": {
				"north": {"uv": [0.5, 1, 4.5, 5], "texture": "#0"},
				"east": {"uv": [0, 1, 0.5, 5], "texture": "#0"},
				"south": {"uv": [5, 1, 9, 5], "texture": "#0"},
				"west": {"uv": [4.5, 1, 5, 5], "texture": "#0"},
				"up": {"uv": [4.5, 1, 0.5, 0], "texture": "#0"},
				"down": {"uv": [8.5, 0, 4.5, 1], "texture": "#0"}
			}
		},
		{
			"name": "left2",
			"from": [17, 2, 1],
			"to": [19, 10, 17],
			"faces": {
				"north": {"uv": [0, 1, 0.5, 5], "texture": "#0"},
				"east": {"uv": [5, 1, 9, 5], "texture": "#0"},
				"south": {"uv": [4.5, 1, 5, 5], "texture": "#0"},
				"west": {"uv": [0.5, 1, 4.5, 5], "texture": "#0"},
				"up": {"uv": [4.5, 1, 0.5, 0], "rotation": 270, "texture": "#0"},
				"down": {"uv": [8.5, 0, 4.5, 1], "rotation": 90, "texture": "#0"}
			}
		},
		{
			"name": "base",
			"from": [-1, 0, 1],
			"to": [19, 2, 17],
			"faces": {
				"north": {"uv": [5.5, 6, 0.5, 5], "rotation": 180, "texture": "#0"},
				"east": {"uv": [0, 6, 0.5, 14], "rotation": 90, "texture": "#0"},
				"south": {"uv": [10.5, 5, 5.5, 6], "texture": "#0"},
				"west": {"uv": [5.5, 6, 6, 14], "rotation": 270, "texture": "#0"},
				"up": {"uv": [6, 6, 11, 14], "texture": "#0"},
				"down": {"uv": [0.5, 6, 5.5, 14], "rotation": 180, "texture": "#0"}
			}
		}
	],
	"display": {
		"thirdperson_righthand": {
			"translation": [-0.5, 0, -4],
			"scale": [0.5, 0.5, 0.5]
		},
		"thirdperson_lefthand": {
			"translation": [-0.5, 0, -4],
			"scale": [0.5, 0.5, 0.5]
		},
		"firstperson_righthand": {
			"scale": [0.5, 0.5, 0.5]
		},
		"firstperson_lefthand": {
			"scale": [0.5, 0.5, 0.5]
		},
		"ground": {
			"scale": [0.5, 0.5, 0.5]
		},
		"gui": {
			"rotation": [47, 148, 23],
			"translation": [0.5, -0.25, 0],
			"scale": [0.5, 0.5, 0.5]
		},
		"head": {
			"rotation": [-180, 90, 0],
			"translation": [-1, -2.25, -1.25],
			"scale": [1.2, 1.2, 1.2]
		},
		"fixed": {
			"translation": [-0.75, 2.5, 0],
			"scale": [0.9, 0.9, 0.9]
		}
	},
	"groups": [
		{
			"name": "front",
			"origin": [0, 1, 9],
			"color": 0,
			"children": [
				{
					"name": "front2",
					"origin": [0, 0, 0],
					"color": 0,
					"children": [0]
				},
				{
					"name": "back2",
					"origin": [0, 0, 0],
					"color": 0,
					"children": [1]
				},
				{
					"name": "right2",
					"origin": [0, 0, 0],
					"color": 0,
					"children": [2]
				},
				{
					"name": "left2",
					"origin": [0, 0, 0],
					"color": 0,
					"children": [3]
				},
				{
					"name": "base",
					"origin": [0, 0, 0],
					"color": 0,
					"children": [4]
				}
			]
		},
		{
			"name": "back",
			"origin": [0, 0, 0],
			"color": 0,
			"children": []
		},
		{
			"name": "bottom",
			"origin": [0, 0, 0],
			"color": 0,
			"children": []
		},
		{
			"name": "right",
			"origin": [0, 0, 0],
			"color": 0,
			"children": []
		},
		{
			"name": "left",
			"origin": [0, 0, 0],
			"color": 0,
			"children": []
		}
	]
}