{
	"credit": "Made with Blockbench",
	"texture_size": [64, 64],
	"textures": {
		"0": "item/player_dolls/ILikeBlobBlob135_Emil08H_alt",
		"particle": "item/player_dolls/ILikeBlobBlob135_Emil08H_alt"
	},
	"elements": [
		{
			"name": "left_pants",
			"from": [3.7493, -0.2507, 5.7493],
			"to": [8.2507, 12.2507, 10.2507],
			"rotation": {"angle": 0, "axis": "x", "origin": [0, 0, 16]},
			"faces": {
				"north": {"uv": [4, 13, 3, 16], "texture": "#0"},
				"east": {"uv": [1, 13, 0, 16], "texture": "#0"},
				"south": {"uv": [2, 13, 1, 16], "texture": "#0"},
				"west": {"uv": [3, 13, 2, 16], "texture": "#0"},
				"up": {"uv": [2, 12, 1, 13], "texture": "#0"},
				"down": {"uv": [3, 13, 2, 12], "texture": "#0"}
			}
		},
		{
			"name": "head",
			"from": [4.0007, 24.0007, 4.0007],
			"to": [11.9993, 31.9993, 11.9993],
			"rotation": {"angle": 0, "axis": "x", "origin": [0, 0, 16]},
			"faces": {
				"north": {"uv": [8, 2, 6, 4], "texture": "#0"},
				"east": {"uv": [2, 2, 0, 4], "texture": "#0"},
				"south": {"uv": [4, 2, 2, 4], "texture": "#0"},
				"west": {"uv": [6, 2, 4, 4], "texture": "#0"},
				"up": {"uv": [4, 0, 2, 2], "texture": "#0"},
				"down": {"uv": [6, 2, 4, 0], "texture": "#0"}
			}
		},
		{
			"name": "headwear",
			"from": [3.5, 23, 3.5],
			"to": [12.5, 32, 12.5],
			"rotation": {"angle": 0, "axis": "x", "origin": [0, 0, 16]},
			"faces": {
				"north": {"uv": [16, 2, 14, 4], "texture": "#0"},
				"east": {"uv": [10, 2, 8, 4], "texture": "#0"},
				"south": {"uv": [12, 2, 10, 4], "texture": "#0"},
				"west": {"uv": [14, 2, 12, 4], "texture": "#0"},
				"up": {"uv": [12, 0, 10, 2], "texture": "#0"},
				"down": {"uv": [14, 2, 12, 0], "texture": "#0"}
			}
		},
		{
			"name": "body",
			"from": [4, 12, 6],
			"to": [12, 24, 10],
			"rotation": {"angle": 0, "axis": "x", "origin": [0, 0, 16]},
			"faces": {
				"north": {"uv": [10, 5, 8, 8], "texture": "#0"},
				"east": {"uv": [5, 5, 4, 8], "texture": "#0"},
				"south": {"uv": [7, 5, 5, 8], "texture": "#0"},
				"west": {"uv": [8, 5, 7, 8], "texture": "#0"},
				"up": {"uv": [7, 4, 5, 5], "texture": "#0"},
				"down": {"uv": [9, 5, 7, 4], "texture": "#0"}
			}
		},
		{
			"name": "jacket",
			"from": [3.7493, 11.7493, 5.7493],
			"to": [12.2507, 24.2507, 10.2507],
			"rotation": {"angle": 0, "axis": "x", "origin": [0, 0, 16]},
			"faces": {
				"north": {"uv": [10, 9, 8, 12], "texture": "#0"},
				"east": {"uv": [5, 9, 4, 12], "texture": "#0"},
				"south": {"uv": [7, 9, 5, 12], "texture": "#0"},
				"west": {"uv": [8, 9, 7, 12], "texture": "#0"},
				"up": {"uv": [7, 8, 5, 9], "texture": "#0"},
				"down": {"uv": [9, 9, 7, 8], "texture": "#0"}
			}
		},
		{
			"name": "left_arm",
			"from": [0, 12, 6],
			"to": [4, 24, 10],
			"rotation": {"angle": 0, "axis": "x", "origin": [0, 0, 16]},
			"faces": {
				"north": {"uv": [12, 13, 11, 16], "texture": "#0"},
				"east": {"uv": [9, 13, 8, 16], "texture": "#0"},
				"south": {"uv": [10, 13, 9, 16], "texture": "#0"},
				"west": {"uv": [11, 13, 10, 16], "texture": "#0"},
				"up": {"uv": [10, 12, 9, 13], "texture": "#0"},
				"down": {"uv": [11, 13, 10, 12], "texture": "#0"}
			}
		},
		{
			"name": "left_sleve",
			"from": [-0.2507, 11.7493, 5.7493],
			"to": [4.2507, 24.2507, 10.2507],
			"rotation": {"angle": 0, "axis": "x", "origin": [0, 0, 16]},
			"faces": {
				"north": {"uv": [16, 13, 15, 16], "texture": "#0"},
				"east": {"uv": [13, 13, 12, 16], "texture": "#0"},
				"south": {"uv": [14, 13, 13, 16], "texture": "#0"},
				"west": {"uv": [15, 13, 14, 16], "texture": "#0"},
				"up": {"uv": [14, 12, 13, 13], "texture": "#0"},
				"down": {"uv": [15, 13, 14, 12], "texture": "#0"}
			}
		},
		{
			"name": "right_arm",
			"from": [12, 12, 6],
			"to": [16, 24, 10],
			"rotation": {"angle": 0, "axis": "x", "origin": [0, 0, 16]},
			"faces": {
				"north": {"uv": [14, 5, 13, 8], "texture": "#0"},
				"east": {"uv": [11, 5, 10, 8], "texture": "#0"},
				"south": {"uv": [12, 5, 11, 8], "texture": "#0"},
				"west": {"uv": [13, 5, 12, 8], "texture": "#0"},
				"up": {"uv": [12, 4, 11, 5], "texture": "#0"},
				"down": {"uv": [13, 5, 12, 4], "texture": "#0"}
			}
		},
		{
			"name": "right_sleve",
			"from": [11.7493, 11.7493, 5.7493],
			"to": [16.2507, 24.2507, 10.2507],
			"rotation": {"angle": 0, "axis": "x", "origin": [0, 0, 16]},
			"faces": {
				"north": {"uv": [14, 9, 13, 12], "texture": "#0"},
				"east": {"uv": [11, 9, 10, 12], "texture": "#0"},
				"south": {"uv": [12, 9, 11, 12], "texture": "#0"},
				"west": {"uv": [13, 9, 12, 12], "texture": "#0"},
				"up": {"uv": [12, 8, 11, 9], "texture": "#0"},
				"down": {"uv": [13, 9, 12, 8], "texture": "#0"}
			}
		},
		{
			"name": "left_leg",
			"from": [4, 0, 6],
			"to": [8, 12, 10],
			"rotation": {"angle": 0, "axis": "x", "origin": [0, 0, 16]},
			"faces": {
				"north": {"uv": [8, 13, 7, 16], "texture": "#0"},
				"east": {"uv": [5, 13, 4, 16], "texture": "#0"},
				"south": {"uv": [6, 13, 5, 16], "texture": "#0"},
				"west": {"uv": [7, 13, 6, 16], "texture": "#0"},
				"up": {"uv": [6, 12, 5, 13], "texture": "#0"},
				"down": {"uv": [7, 13, 6, 12], "texture": "#0"}
			}
		},
		{
			"name": "right_leg",
			"from": [8, 0, 6],
			"to": [12, 12, 10],
			"rotation": {"angle": 0, "axis": "x", "origin": [0, 0, 16]},
			"faces": {
				"north": {"uv": [4, 5, 3, 8], "texture": "#0"},
				"east": {"uv": [1, 5, 0, 8], "texture": "#0"},
				"south": {"uv": [2, 5, 1, 8], "texture": "#0"},
				"west": {"uv": [3, 5, 2, 8], "texture": "#0"},
				"up": {"uv": [2, 4, 1, 5], "texture": "#0"},
				"down": {"uv": [3, 5, 2, 4], "texture": "#0"}
			}
		},
		{
			"name": "right_pants",
			"from": [7.7493, -0.2507, 5.7493],
			"to": [12.2507, 12.2507, 10.2507],
			"rotation": {"angle": 0, "axis": "x", "origin": [0, 0, 16]},
			"faces": {
				"north": {"uv": [4, 9, 3, 12], "texture": "#0"},
				"east": {"uv": [1, 9, 0, 12], "texture": "#0"},
				"south": {"uv": [2, 9, 1, 12], "texture": "#0"},
				"west": {"uv": [3, 9, 2, 12], "texture": "#0"},
				"up": {"uv": [2, 8, 1, 9], "texture": "#0"},
				"down": {"uv": [3, 9, 2, 8], "texture": "#0"}
			}
		}
	],
	"display": {
		"thirdperson_righthand": {
			"rotation": [75, 315, 0],
			"translation": [0, 2.5, 0],
			"scale": [0.375, 0.375, 0.375]
		},
		"firstperson_righthand": {
			"rotation": [0, 315, 0],
			"translation": [0, 2.5, 0],
			"scale": [0.4, 0.4, 0.4]
		},
		"ground": {
			"translation": [0, 3, 0],
			"scale": [0.25, 0.25, 0.25]
		},
		"gui": {
			"rotation": [30, 45, 0],
			"scale": [0.625, 0.625, 0.625]
		},
		"head": {
			"rotation": [0, 180, 0]
		},
		"fixed": {
			"rotation": [270, 180, 0],
			"translation": [0, 0, -16],
			"scale": [2, 2, 2]
		}
	}
}