{
	"credit": "Made with Blockbench",
	"parent": "block/block",
	"textures": {
		"particle": "",
		"bottom": "",
		"top": "",
		"side": "",
		"overlay": ""
	},
	"elements": [
		{
			"from": [-0.005, 16, -0.005],
			"to": [16.005, 24.001, 16.005],
			"faces": {
				"north": {"uv": [0, 0, 16, 8], "texture": "#side", "cullface": "north"},
				"east": {"uv": [0, 0, 16, 8], "texture": "#side", "cullface": "east"},
				"south": {"uv": [0, 0, 16, 8], "texture": "#side", "cullface": "south"},
				"west": {"uv": [0, 0, 16, 8], "texture": "#side", "cullface": "west"},
				"up": {"uv": [0, 0, 16, 16], "texture": "#top", "cullface": "up", "tintindex": 0},
				"down": {"uv": [0, 0, 16, 16], "texture": "#bottom", "cullface": "down"}
			}
		},
		{
			"from": [-0.005, 16, -0.005],
			"to": [16.005, 24.001, 16.005],
			"faces": {
				"north": {"uv": [0, 0, 16, 8], "texture": "#overlay", "cullface": "north", "tintindex": 0},
				"east": {"uv": [0, 0, 16, 8], "texture": "#overlay", "cullface": "east", "tintindex": 0},
				"south": {"uv": [0, 0, 16, 8], "texture": "#overlay", "cullface": "south", "tintindex": 0},
				"west": {"uv": [0, 0, 16, 8], "texture": "#overlay", "cullface": "west", "tintindex": 0}
			}
		}
	],
	"display": {
		"fixed": {
			"rotation": [-90, 0, 0],
			"translation": [0, 0, -14],
			"scale": [2, 2, 2]
		}
	}
}