{
	"credit": "Made with Blockbench",
	"parent": "carved_pumpkin",
	"textures": {
		"0": "./textures/ghost_buddy",
		"particle": "./textures/ghost_buddy"
	},
	"elements": [
		{
			"from": [8, 2, 6],
			"to": [13, 7, 11],
			"faces": {
				"north": {"uv": [0, 0, 5, 5], "texture": "#0"},
				"east": {"uv": [0, 5, 5, 10], "texture": "#0"},
				"south": {"uv": [5, 0, 10, 5], "texture": "#0"},
				"west": {"uv": [5, 5, 10, 10], "texture": "#0"},
				"up": {"uv": [5, 15, 0, 10], "texture": "#0"},
				"down": {"uv": [10, 10, 5, 15], "texture": "#0"}
			}
		},
		{
			"from": [8, 1, 6],
			"to": [13, 2, 11],
			"faces": {
				"north": {"uv": [10, 10, 15, 11], "texture": "#0"},
				"east": {"uv": [10, 11, 15, 12], "texture": "#0"},
				"south": {"uv": [10, 12, 15, 13], "texture": "#0"},
				"west": {"uv": [10, 13, 15, 14], "texture": "#0"},
				"up": {"uv": [10, 15, 5, 10], "texture": "#0"},
				"down": {"uv": [10, 10, 5, 15], "texture": "#0"}
			}
		},
		{
			"from": [9.5, 3, 7.5],
			"to": [11.5, 5, 9.5],
			"faces": {
				"north": {"uv": [10, 0, 12, 2], "texture": "#0"},
				"east": {"uv": [12, 4, 14, 6], "texture": "#0"},
				"south": {"uv": [10, 4, 12, 6], "texture": "#0"},
				"west": {"uv": [12, 2, 14, 4], "texture": "#0"},
				"up": {"uv": [10, 2, 12, 4], "texture": "#0"},
				"down": {"uv": [12, 0, 14, 2], "texture": "#0"}
			}
		}
	],
	"display": {
		"thirdperson_righthand": {
			"rotation": [63.5, 0, 0],
			"translation": [-8, 6.25, 4.75]
		},
		"thirdperson_lefthand": {
			"rotation": [63.5, 0, 0],
			"translation": [-3, 6.25, 4.75]
		},
		"firstperson_righthand": {
			"translation": [0, 5.5, 0]
		},
		"firstperson_lefthand": {
			"translation": [0, 5.5, 0]
		},
		"gui": {
			"rotation": [-172.25, 24.5, -180],
			"translation": [2.25, 3.25, 0]
		},
		"head": {
			"rotation": [0.3, 9.76, -1.75],
			"translation": [10.5, 1.75, 0]
		},
		"fixed": {
			"translation": [-2.5, 0, 0]
		}
	}
}