{
  "parent": "minecraft:item/generated",
  "overrides": [
    {
      "model": "custom_armor_trims:item/golden_leggings_ender_pearl_trim",
      "predicate": {
        "trim_type": 0.07701
      }
    },
    {
      "model": "custom_armor_trims:item/golden_leggings_crying_obsidian_trim",
      "predicate": {
        "trim_type": 0.07702
      }
    },
    {
      "model": "custom_armor_trims:item/golden_leggings_echo_shard_trim",
      "predicate": {
        "trim_type": 0.07703
      }
    },
    {
      "model": "custom_armor_trims:item/golden_leggings_prismarine_trim",
      "predicate": {
        "trim_type": 0.07704
      }
    },
    {
      "model": "custom_armor_trims:item/golden_leggings_netherrack_trim",
      "predicate": {
        "trim_type": 0.07705
      }
    },
    {
      "model": "custom_armor_trims:item/golden_leggings_popped_chorus_fruit_trim",
      "predicate": {
        "trim_type": 0.07706
      }
    },
    {
      "model": "custom_armor_trims:item/golden_leggings_netherite_scrap_trim",
      "predicate": {
        "trim_type": 0.07707
      }
    },
    {
      "model": "custom_armor_trims:item/golden_leggings_glowstone_dust_trim",
      "predicate": {
        "trim_type": 0.07708
      }
    },
    {
      "model": "custom_armor_trims:item/golden_leggings_magma_cream_trim",
      "predicate": {
        "trim_type": 0.07709
      }
    },
    {
      "model": "custom_armor_trims:item/golden_leggings_obsidian_trim",
      "predicate": {
        "trim_type": 0.07710
      }
    },


    {
      "model": "minecraft:item/golden_leggings_quartz_trim",
      "predicate": {
        "trim_type": 0.1
      }
    },
    {
      "model": "minecraft:item/golden_leggings_iron_trim",
      "predicate": {
        "trim_type": 0.2
      }
    },
    {
      "model": "minecraft:item/golden_leggings_netherite_trim",
      "predicate": {
        "trim_type": 0.3
      }
    },
    {
      "model": "minecraft:item/golden_leggings_redstone_trim",
      "predicate": {
        "trim_type": 0.4
      }
    },
    {
      "model": "minecraft:item/golden_leggings_copper_trim",
      "predicate": {
        "trim_type": 0.5
      }
    },
    {
      "model": "minecraft:item/golden_leggings_gold_trim",
      "predicate": {
        "trim_type": 0.6
      }
    },
    {
      "model": "minecraft:item/golden_leggings_emerald_trim",
      "predicate": {
        "trim_type": 0.7
      }
    },
    {
      "model": "minecraft:item/golden_leggings_diamond_trim",
      "predicate": {
        "trim_type": 0.8
      }
    },
    {
      "model": "minecraft:item/golden_leggings_lapis_trim",
      "predicate": {
        "trim_type": 0.9
      }
    },
    {
      "model": "minecraft:item/golden_leggings_amethyst_trim",
      "predicate": {
        "trim_type": 1.0
      }
    }
  ],
  "textures": {
    "layer0": "minecraft:item/golden_leggings"
  }
}