{
  "parent": "minecraft:item/generated",
  "overrides": [
    {
      "model": "custom_armor_trims:item/netherite_boots_ender_pearl_trim",
      "predicate": {
        "trim_type": 0.07701
      }
    },
    {
      "model": "custom_armor_trims:item/netherite_boots_crying_obsidian_trim",
      "predicate": {
        "trim_type": 0.07702
      }
    },
    {
      "model": "custom_armor_trims:item/netherite_boots_echo_shard_trim",
      "predicate": {
        "trim_type": 0.07703
      }
    },
    {
      "model": "custom_armor_trims:item/netherite_boots_prismarine_trim",
      "predicate": {
        "trim_type": 0.07704
      }
    },
    {
      "model": "custom_armor_trims:item/netherite_boots_netherrack_trim",
      "predicate": {
        "trim_type": 0.07705
      }
    },
    {
      "model": "custom_armor_trims:item/netherite_boots_popped_chorus_fruit_trim",
      "predicate": {
        "trim_type": 0.07706
      }
    },
    {
      "model": "custom_armor_trims:item/netherite_boots_netherite_scrap_trim",
      "predicate": {
        "trim_type": 0.07707
      }
    },
    {
      "model": "custom_armor_trims:item/netherite_boots_glowstone_dust_trim",
      "predicate": {
        "trim_type": 0.07708
      }
    },
    {
      "model": "custom_armor_trims:item/netherite_boots_magma_cream_trim",
      "predicate": {
        "trim_type": 0.07709
      }
    },
    {
      "model": "custom_armor_trims:item/netherite_boots_obsidian_trim",
      "predicate": {
        "trim_type": 0.07710
      }
    },


    {
      "model": "minecraft:item/netherite_boots_quartz_trim",
      "predicate": {
        "trim_type": 0.1
      }
    },
    {
      "model": "minecraft:item/netherite_boots_iron_trim",
      "predicate": {
        "trim_type": 0.2
      }
    },
    {
      "model": "minecraft:item/netherite_boots_netherite_trim",
      "predicate": {
        "trim_type": 0.3
      }
    },
    {
      "model": "minecraft:item/netherite_boots_redstone_trim",
      "predicate": {
        "trim_type": 0.4
      }
    },
    {
      "model": "minecraft:item/netherite_boots_copper_trim",
      "predicate": {
        "trim_type": 0.5
      }
    },
    {
      "model": "minecraft:item/netherite_boots_gold_trim",
      "predicate": {
        "trim_type": 0.6
      }
    },
    {
      "model": "minecraft:item/netherite_boots_emerald_trim",
      "predicate": {
        "trim_type": 0.7
      }
    },
    {
      "model": "minecraft:item/netherite_boots_diamond_trim",
      "predicate": {
        "trim_type": 0.8
      }
    },
    {
      "model": "minecraft:item/netherite_boots_lapis_trim",
      "predicate": {
        "trim_type": 0.9
      }
    },
    {
      "model": "minecraft:item/netherite_boots_amethyst_trim",
      "predicate": {
        "trim_type": 1.0
      }
    }
  ],
  "textures": {
    "layer0": "minecraft:item/netherite_boots"
  }
}