{
	"credit": "Made with Blockbench",
	"texture_size": [32, 32],
	"textures": {
		"particle": "minecraft:theaxo77_srv/holidays/easter/basket_empty",
		"basket": "minecraft:theaxo77_srv/holidays/easter/basket_empty"
	},
	"elements": [
		{
			"name": "base_bottom",
			"from": [3, 0, 4.5],
			"to": [13, 0.5, 11.5],
			"faces": {
				"north": {"uv": [0.5, 7, 5.5, 7.5], "texture": "#basket"},
				"east": {"uv": [5.5, 7.5, 6, 11], "rotation": 90, "texture": "#basket"},
				"south": {"uv": [0.5, 11, 5.5, 11.5], "texture": "#basket"},
				"west": {"uv": [0, 7.5, 0.5, 11], "rotation": 90, "texture": "#basket"},
				"up": {"uv": [0.5, 7.5, 5.5, 11], "texture": "#basket"},
				"down": {"uv": [6, 6, 11, 9.5], "texture": "#basket"}
			}
		},
		{
			"name": "base_sideW",
			"from": [2.2, 0.5, 4.5],
			"to": [3, 3.5, 11.5],
			"faces": {
				"north": {"uv": [15.5, 2.5, 16, 4], "texture": "#basket"},
				"east": {"uv": [12, 2.5, 15.5, 4], "texture": "#basket"},
				"south": {"uv": [15.5, 0.5, 16, 2], "texture": "#basket"},
				"west": {"uv": [12, 0.5, 15.5, 2], "texture": "#basket"},
				"up": {"uv": [12, 0, 15.5, 0.5], "rotation": 90, "texture": "#basket"},
				"down": {"uv": [12, 2, 15.5, 2.5], "rotation": 90, "texture": "#basket"}
			}
		},
		{
			"name": "base_sideE",
			"from": [13, 0.5, 4.5],
			"to": [13.8, 3.5, 11.5],
			"faces": {
				"north": {"uv": [11.5, 4.5, 12, 6], "texture": "#basket"},
				"east": {"uv": [12, 4.5, 15.5, 6], "texture": "#basket"},
				"south": {"uv": [15.5, 4.5, 16, 6], "texture": "#basket"},
				"west": {"uv": [8, 4.5, 11.5, 6], "texture": "#basket"},
				"up": {"uv": [12, 4, 15.5, 4.5], "rotation": 90, "texture": "#basket"},
				"down": {"uv": [8, 4, 11.5, 4.5], "rotation": 90, "texture": "#basket"}
			}
		},
		{
			"name": "base_sideN",
			"from": [3, 0.5, 3.7],
			"to": [13, 3.5, 4.5],
			"faces": {
				"north": {"uv": [0.5, 0.5, 5.5, 2], "texture": "#basket"},
				"east": {"uv": [0, 0.5, 0.5, 2], "texture": "#basket"},
				"south": {"uv": [5.5, 2.5, 0.5, 4], "texture": "#basket"},
				"west": {"uv": [5.5, 0.5, 6, 2], "texture": "#basket"},
				"up": {"uv": [0.5, 0, 5.5, 0.5], "texture": "#basket"},
				"down": {"uv": [0.5, 2, 5.5, 2.5], "texture": "#basket"}
			}
		},
		{
			"name": "base_sideS",
			"from": [3, 0.5, 11.5],
			"to": [13, 3.5, 12.3],
			"faces": {
				"north": {"uv": [11.5, 2.5, 6.5, 4], "texture": "#basket"},
				"east": {"uv": [6, 0.5, 6.5, 2], "texture": "#basket"},
				"south": {"uv": [6.5, 0.5, 11.5, 2], "texture": "#basket"},
				"west": {"uv": [11.5, 0.5, 12, 2], "texture": "#basket"},
				"up": {"uv": [6.5, 0, 11.5, 0.5], "texture": "#basket"},
				"down": {"uv": [6.5, 2, 11.5, 2.5], "texture": "#basket"}
			}
		},
		{
			"name": "base_cornerNW",
			"from": [-1.825, 0.51, 5],
			"to": [-0.325, 3.49, 5.5],
			"rotation": {"angle": 45, "axis": "y", "origin": [0, 0, 0]},
			"faces": {
				"north": {"uv": [0, 4, 0.75, 5.49], "texture": "#basket"},
				"east": {"uv": [1.5, 4, 1.25, 5.49], "texture": "#basket"},
				"south": {"uv": [1.5, 4, 2.25, 5.49], "texture": "#basket"},
				"west": {"uv": [2.5, 4, 2.75, 5.49], "texture": "#basket"},
				"up": {"uv": [0, 3, 0.49, 3.75], "rotation": 90, "texture": "#basket"},
				"down": {"uv": [0, 2, 0.49, 2.75], "rotation": 90, "texture": "#basket"}
			}
		},
		{
			"name": "base_cornerNE",
			"from": [5.825, 0.51, 11.625],
			"to": [6.325, 3.49, 13.125],
			"rotation": {"angle": 45, "axis": "y", "origin": [0, 0, 0]},
			"faces": {
				"north": {"uv": [4.5, 5.5, 5.25, 6.99], "texture": "#basket"},
				"east": {"uv": [3, 5.5, 3.75, 6.99], "texture": "#basket"},
				"south": {"uv": [4, 5.5, 4.25, 6.99], "texture": "#basket"},
				"west": {"uv": [5.5, 5.5, 5.75, 6.99], "texture": "#basket"},
				"up": {"uv": [6, 4.5, 6.99, 4.75], "rotation": 90, "texture": "#basket"},
				"down": {"uv": [7, 4.5, 7.99, 4.75], "rotation": 90, "texture": "#basket"}
			}
		},
		{
			"name": "base_cornerSW",
			"from": [-6.285, 0.51, 9.5],
			"to": [-5.785, 3.49, 11],
			"rotation": {"angle": 45, "axis": "y", "origin": [0, 0, 0]},
			"faces": {
				"north": {"uv": [4, 4, 4.25, 5.49], "texture": "#basket"},
				"east": {"uv": [4.5, 4, 5.25, 5.49], "texture": "#basket"},
				"south": {"uv": [5.5, 4, 5.75, 5.49], "texture": "#basket"},
				"west": {"uv": [3, 4, 3.75, 5.49], "texture": "#basket"},
				"up": {"uv": [5.5, 2, 5.75, 2.99], "texture": "#basket"},
				"down": {"uv": [5.5, 3, 5.75, 3.99], "texture": "#basket"}
			}
		},
		{
			"name": "base_cornerSE",
			"from": [0.285, 0.51, 17.175],
			"to": [1.785, 3.49, 17.675],
			"rotation": {"angle": 45, "axis": "y", "origin": [0, 0, 0]},
			"faces": {
				"north": {"uv": [1.5, 5.5, 2.25, 6.99], "texture": "#basket"},
				"east": {"uv": [2.5, 5.5, 2.75, 6.99], "texture": "#basket"},
				"south": {"uv": [0, 5.5, 0.75, 6.99], "texture": "#basket"},
				"west": {"uv": [1, 5.5, 1.25, 6.99], "texture": "#basket"},
				"up": {"uv": [6, 4, 6.75, 4.49], "texture": "#basket"},
				"down": {"uv": [7, 4, 7.75, 4.49], "texture": "#basket"}
			}
		},
		{
			"name": "handle_piece1NW",
			"from": [2, 3.2, 4],
			"to": [3, 7.5, 4.25],
			"rotation": {"angle": -22.5, "axis": "z", "origin": [0, 0, 0]},
			"faces": {
				"north": {"uv": [11, 6, 12, 8.15], "texture": "#basket"},
				"east": {"uv": [11, 11, 13.15, 11.5], "rotation": 90, "texture": "#basket"},
				"south": {"uv": [12, 6, 13, 8.15], "texture": "#basket"},
				"west": {"uv": [13.5, 11, 16, 11.5], "rotation": 90, "texture": "#basket"},
				"up": {"uv": [15, 6, 16, 6.15], "texture": "#basket"},
				"down": {"uv": [15, 6.5, 16, 6.65], "texture": "#basket"}
			}
		},
		{
			"name": "handle_piece1NE",
			"from": [11.75, -2.8, 4],
			"to": [12.75, 1.5, 4.25],
			"rotation": {"angle": 22.5, "axis": "z", "origin": [0, 0, 0]},
			"faces": {
				"north": {"uv": [11, 8.5, 12, 10.65], "texture": "#basket"},
				"east": {"uv": [11, 12, 13.15, 12.5], "rotation": 90, "texture": "#basket"},
				"south": {"uv": [12, 8.5, 13, 10.65], "texture": "#basket"},
				"west": {"uv": [13.5, 12, 15.65, 12.5], "rotation": 90, "texture": "#basket"},
				"up": {"uv": [15, 8.5, 16, 8.65], "texture": "#basket"},
				"down": {"uv": [15, 9, 16, 9.15], "texture": "#basket"}
			}
		},
		{
			"name": "handle_piece1SW",
			"from": [2, 3.2, 11.75],
			"to": [3, 7.5, 12],
			"rotation": {"angle": -22.5, "axis": "z", "origin": [0, 0, 0]},
			"faces": {
				"north": {"uv": [12, 8.5, 13, 10.65], "texture": "#basket"},
				"east": {"uv": [11, 11.5, 13.15, 12], "rotation": 90, "texture": "#basket"},
				"south": {"uv": [11, 8.5, 12, 10.65], "texture": "#basket"},
				"west": {"uv": [13.85, 11.5, 16, 12], "rotation": 90, "texture": "#basket"},
				"up": {"uv": [15, 7, 16, 7.15], "texture": "#basket"},
				"down": {"uv": [15, 7.5, 16, 7.65], "texture": "#basket"}
			}
		},
		{
			"name": "handle_piece1SE",
			"from": [11.75, -2.8, 11.75],
			"to": [12.75, 1.5, 12],
			"rotation": {"angle": 22.5, "axis": "z", "origin": [0, 0, 0]},
			"faces": {
				"north": {"uv": [13, 8, 14, 10.15], "texture": "#basket"},
				"east": {"uv": [11, 12.5, 13.15, 13], "rotation": 90, "texture": "#basket"},
				"south": {"uv": [14, 8, 15, 10.15], "texture": "#basket"},
				"west": {"uv": [13.5, 12.5, 16, 12.5], "rotation": 90, "texture": "#basket"},
				"up": {"uv": [15.35, 9.5, 15.85, 9.65], "rotation": 180, "texture": "#basket"},
				"down": {"uv": [15, 10, 16, 10.15], "texture": "#basket"}
			}
		},
		{
			"name": "handle_piece2NW",
			"from": [6.715, 2.9, 4.005],
			"to": [8.215, 3.9, 4.245],
			"rotation": {"angle": 22.5, "axis": "z", "origin": [0, 0, 0]},
			"faces": {
				"north": {"uv": [10, 11, 11, 11.75], "rotation": 90, "texture": "#basket"},
				"east": {"uv": [9, 12, 10, 12.25], "rotation": 90, "texture": "#basket"},
				"south": {"uv": [9, 11, 10, 11.75], "rotation": 90, "texture": "#basket"},
				"west": {"uv": [10, 12, 11, 12.25], "rotation": 90, "texture": "#basket"},
				"up": {"uv": [7, 5, 7.5, 5.75], "rotation": 90, "texture": "#basket"},
				"down": {"uv": [7.5, 5, 8, 5.75], "rotation": 90, "texture": "#basket"}
			}
		},
		{
			"name": "handle_piece2NE",
			"from": [7.79, 2.955, 4.005],
			"to": [9.19, 3.955, 4.245],
			"rotation": {"angle": -22.5, "axis": "z", "origin": [16, 0, 0]},
			"faces": {
				"north": {"uv": [7, 11, 8, 11.7], "rotation": 90, "texture": "#basket"},
				"east": {"uv": [6, 12, 7, 12.2], "rotation": 90, "texture": "#basket"},
				"south": {"uv": [6, 11, 7, 11.7], "rotation": 90, "texture": "#basket"},
				"west": {"uv": [7, 12, 8, 12.2], "rotation": 90, "texture": "#basket"},
				"up": {"uv": [8, 11, 8.5, 11.7], "rotation": 90, "texture": "#basket"},
				"down": {"uv": [8.5, 11, 9, 11.7], "rotation": 90, "texture": "#basket"}
			}
		},
		{
			"name": "handle_piece2SW",
			"from": [6.715, 2.9, 11.755],
			"to": [8.215, 3.9, 11.995],
			"rotation": {"angle": 22.5, "axis": "z", "origin": [0, 0, 0]},
			"faces": {
				"north": {"uv": [9, 9.5, 10, 10.25], "rotation": 270, "texture": "#basket"},
				"east": {"uv": [10, 10.5, 11, 10.75], "rotation": 270, "texture": "#basket"},
				"south": {"uv": [6.5, 5, 7, 5.75], "rotation": 270, "texture": "#basket"},
				"west": {"uv": [9, 10.5, 10, 10.75], "rotation": 270, "texture": "#basket"},
				"up": {"uv": [6, 5, 6.5, 5.75], "rotation": 270, "texture": "#basket"},
				"down": {"uv": [9, 9.5, 10, 10.25], "rotation": 270, "texture": "#basket"}
			}
		},
		{
			"name": "handle_piece2SE",
			"from": [7.79, 2.955, 11.755],
			"to": [9.19, 3.955, 11.995],
			"rotation": {"angle": -22.5, "axis": "z", "origin": [16, 0, 0]},
			"faces": {
				"north": {"uv": [7, 9.5, 8, 10.2], "rotation": 90, "texture": "#basket"},
				"east": {"uv": [6, 10.5, 7, 10.7], "rotation": 90, "texture": "#basket"},
				"south": {"uv": [6, 9.5, 7, 10.2], "rotation": 90, "texture": "#basket"},
				"west": {"uv": [7, 10.5, 8, 10.7], "rotation": 90, "texture": "#basket"},
				"up": {"uv": [8, 9.5, 8.5, 10.2], "rotation": 90, "texture": "#basket"},
				"down": {"uv": [8.5, 9.5, 9, 10.2], "rotation": 90, "texture": "#basket"}
			}
		},
		{
			"name": "handle_piece3N",
			"from": [6.1, 5.8, 4],
			"to": [10.1, 6.8, 4.25],
			"faces": {
				"north": {"uv": [0.5, 11.5, 1.5, 13.5], "rotation": 270, "texture": "#basket"},
				"east": {"uv": [6, 12.5, 7, 13], "rotation": 270, "texture": "#basket"},
				"south": {"uv": [2, 11.5, 3, 13.5], "rotation": 270, "texture": "#basket"},
				"west": {"uv": [6, 13, 7, 13.5], "rotation": 270, "texture": "#basket"},
				"up": {"uv": [0, 11.5, 0.5, 13.5], "rotation": 270, "texture": "#basket"},
				"down": {"uv": [1.5, 11.5, 2, 13.5], "rotation": 270, "texture": "#basket"}
			}
		},
		{
			"name": "handle_piece3S",
			"from": [6.1, 5.8, 11.75],
			"to": [10.1, 6.8, 12],
			"faces": {
				"north": {"uv": [4.5, 11.5, 5.5, 13.5], "rotation": 90, "texture": "#basket"},
				"east": {"uv": [7, 13, 8, 13.5], "rotation": 90, "texture": "#basket"},
				"south": {"uv": [3, 11.5, 4, 13.5], "rotation": 90, "texture": "#basket"},
				"west": {"uv": [7, 12.5, 8, 13], "rotation": 90, "texture": "#basket"},
				"up": {"uv": [4, 11.5, 4.5, 13.5], "rotation": 90, "texture": "#basket"},
				"down": {"uv": [5.5, 11.5, 6, 13.5], "rotation": 90, "texture": "#basket"}
			}
		},
		{
			"name": "handle_piece4N",
			"from": [7.375, 4.3, 6.2],
			"to": [8.625, 4.8, 8.2],
			"rotation": {"angle": -22.5, "axis": "x", "origin": [0, 0, 0]},
			"faces": {
				"north": {"uv": [0, 13.5, 2, 14.625], "rotation": 90, "texture": "#basket"},
				"east": {"uv": [2, 16, 0.125, 15.5], "texture": "#basket"},
				"south": {"uv": [0, 13.5, 2, 14.625], "rotation": 90, "texture": "#basket"},
				"west": {"uv": [4, 13.5, 6.125, 14], "texture": "#basket"},
				"up": {"uv": [0, 13.5, 2, 14.625], "rotation": 90, "texture": "#basket"},
				"down": {"uv": [0, 14.5, 2, 15.625], "rotation": 90, "texture": "#basket"}
			}
		},
		{
			"name": "handle_piece4S",
			"from": [7.375, 4.3, 7.8],
			"to": [8.625, 4.8, 9.8],
			"rotation": {"angle": 22.5, "axis": "x", "origin": [16, 0, 16]},
			"faces": {
				"north": {"uv": [2, 13.5, 4, 14.625], "rotation": 90, "texture": "#basket"},
				"east": {"uv": [2, 15.5, 4.125, 16], "rotation": 180, "texture": "#basket"},
				"south": {"uv": [2, 13.5, 4, 14.625], "rotation": 90, "texture": "#basket"},
				"west": {"uv": [4, 14, 6.125, 14.5], "texture": "#basket"},
				"up": {"uv": [2, 13.5, 4, 14.625], "rotation": 90, "texture": "#basket"},
				"down": {"uv": [2, 14.875, 4, 15.5], "rotation": 90, "texture": "#basket"}
			}
		},
		{
			"name": "handle_piece5",
			"from": [7.37, 7.1, 5.7],
			"to": [8.63, 7.575, 10.3],
			"faces": {
				"north": {"uv": [6.5, 13.5, 8.8, 14.63], "rotation": 90, "texture": "#basket"},
				"east": {"uv": [4, 15.2, 6.13, 15.5], "rotation": 180, "texture": "#basket"},
				"south": {"uv": [6.5, 13.5, 8.8, 14.63], "rotation": 90, "texture": "#basket"},
				"west": {"uv": [4, 14.7, 6.13, 15], "rotation": 180, "texture": "#basket"},
				"up": {"uv": [6.5, 13.5, 8.8, 14.63], "rotation": 90, "texture": "#basket"},
				"down": {"uv": [6.5, 14.5, 8.8, 15.63], "rotation": 90, "texture": "#basket"}
			}
		}
	],
	"display": {
		"thirdperson_righthand": {
			"rotation": [90, 90, 0],
			"translation": [0, -2, 1.5],
			"scale": [0.75, 0.75, 0.75]
		},
		"thirdperson_lefthand": {
			"rotation": [90, -90, 0],
			"translation": [0, -2, 1.5],
			"scale": [0.75, 0.75, 0.75]
		},
		"firstperson_righthand": {
			"rotation": [0, 90, 0],
			"translation": [0, 6.75, 6.5],
			"scale": [0.75, 0.75, 0.75]
		},
		"firstperson_lefthand": {
			"rotation": [0, -90, 0],
			"translation": [0, 6.75, 6.5],
			"scale": [0.75, 0.75, 0.75]
		},
		"ground": {
			"translation": [0, 4, 0]
		},
		"gui": {
			"rotation": [0, -72.5, -12.25],
			"translation": [0.5, 5.5, 0],
			"scale": [1.25, 1.25, 1.25]
		},
		"head": {
			"rotation": [0, 90, 0],
			"translation": [0, 14.25, 0]
		},
		"fixed": {
			"rotation": [-90, 90, 0],
			"translation": [0, 0, -15.5],
			"scale": [2, 2, 2]
		}
	},
	"groups": [
		{
			"name": "basket",
			"origin": [8, 8, 8],
			"color": 0,
			"children": [
				{
					"name": "base",
					"origin": [8, 8, 8],
					"color": 0,
					"children": [0, 1, 2, 3, 4, 5, 6, 7, 8]
				},
				{
					"name": "handle",
					"origin": [8, 8, 8],
					"color": 0,
					"children": [
						{
							"name": "piece1",
							"origin": [8, 8, 8],
							"color": 0,
							"children": [9, 10, 11, 12]
						},
						{
							"name": "piece2",
							"origin": [8, 8, 8],
							"color": 0,
							"children": [13, 14, 15, 16]
						},
						17,
						18,
						19,
						20,
						21
					]
				}
			]
		}
	]
}